in_gene	out_gene	branch_support	ev_type	sos
Neur_CCD57795.1.OUT	Dana_XP.044571024.1	1.0	S	0.0
Neur_XP.062685912.1.OUT	Dana_XP.044571024.1	1.0	S	0.0
Neur_CCD57795.1.OUT	Dgri_XP.032590737.1	1.0	S	0.0
Neur_XP.062685912.1.OUT	Dgri_XP.032590737.1	1.0	S	0.0
Neur_CCD57795.1.OUT	Dpse_XP.001353547.1	1.0	S	0.0
Neur_XP.062685912.1.OUT	Dpse_XP.001353547.1	1.0	S	0.0
Neur_CCD57795.1.OUT	Dari_XP.017862175.1	1.0	S	0.0
Neur_XP.062685912.1.OUT	Dari_XP.017862175.1	1.0	S	0.0
Neur_CCD57795.1.OUT	Dele_XP.017128756.1	1.0	S	0.0
Neur_XP.062685912.1.OUT	Dele_XP.017128756.1	1.0	S	0.0
Neur_CCD57795.1.OUT	Dhyd_XP.030080409.1	1.0	S	0.0
Neur_XP.062685912.1.OUT	Dhyd_XP.030080409.1	1.0	S	0.0
Neur_CCD57795.1.OUT	Dmir_XP.017138810.1	1.0	S	0.0
Neur_XP.062685912.1.OUT	Dmir_XP.017138810.1	1.0	S	0.0
Neur_CCD57795.1.OUT	Dhyd_XP.023171730.2	1.0	S	0.0
Neur_XP.062685912.1.OUT	Dhyd_XP.023171730.2	1.0	S	0.0
Neur_CCD57795.1.OUT	Dere_XP.001975666.1	1.0	S	0.0
Neur_XP.062685912.1.OUT	Dere_XP.001975666.1	1.0	S	0.0
Neur_CCD57795.1.OUT	Dsec_XP.002030464.1	1.0	S	0.0
Neur_XP.062685912.1.OUT	Dsec_XP.002030464.1	1.0	S	0.0
Neur_CCD57795.1.OUT	Dbus_XP.033149417.1	1.0	S	0.0
Neur_XP.062685912.1.OUT	Dbus_XP.033149417.1	1.0	S	0.0
Neur_CCD57795.1.OUT	Dbus_XP.017836915.1	1.0	S	0.0
Neur_XP.062685912.1.OUT	Dbus_XP.017836915.1	1.0	S	0.0
Neur_CCD57795.1.OUT	Dpse_XP.001360869.4	1.0	S	0.0
Neur_XP.062685912.1.OUT	Dpse_XP.001360869.4	1.0	S	0.0
Neur_CCD57795.1.OUT	Dkik_XP.017018688.1	1.0	S	0.0
Neur_XP.062685912.1.OUT	Dkik_XP.017018688.1	1.0	S	0.0
Neur_CCD57795.1.OUT	Dwil_XP.002066518.2	1.0	S	0.0
Neur_XP.062685912.1.OUT	Dwil_XP.002066518.2	1.0	S	0.0
Neur_CCD57795.1.OUT	Dere_XP.001972712.1	1.0	S	0.0
Neur_XP.062685912.1.OUT	Dere_XP.001972712.1	1.0	S	0.0
Neur_CCD57795.1.OUT	Dbus_XP.017845374.1	1.0	S	0.0
Neur_XP.062685912.1.OUT	Dbus_XP.017845374.1	1.0	S	0.0
Neur_CCD57795.1.OUT	Dalb_XP.034104310.1	1.0	S	0.0
Neur_XP.062685912.1.OUT	Dalb_XP.034104310.1	1.0	S	0.0
Neur_CCD57795.1.OUT	Dgri_XP.001984256.1	1.0	S	0.0
Neur_XP.062685912.1.OUT	Dgri_XP.001984256.1	1.0	S	0.0
Neur_CCD57795.1.OUT	Dari_XP.017874440.1	1.0	S	0.0
Neur_XP.062685912.1.OUT	Dari_XP.017874440.1	1.0	S	0.0
Neur_CCD57795.1.OUT	Dsec_XP.002030467.1	1.0	S	0.0
Neur_XP.062685912.1.OUT	Dsec_XP.002030467.1	1.0	S	0.0
Neur_CCD57795.1.OUT	Dbip_XP.017090231.2	1.0	S	0.0
Neur_XP.062685912.1.OUT	Dbip_XP.017090231.2	1.0	S	0.0
Neur_CCD57795.1.OUT	Dgri_XP.001984254.1	1.0	S	0.0
Neur_XP.062685912.1.OUT	Dgri_XP.001984254.1	1.0	S	0.0
Neur_CCD57795.1.OUT	Dele_XP.017133202.1	1.0	S	0.0
Neur_XP.062685912.1.OUT	Dele_XP.017133202.1	1.0	S	0.0
Neur_CCD57795.1.OUT	Dsuz_XP.016934639.1	1.0	S	0.0
Neur_XP.062685912.1.OUT	Dsuz_XP.016934639.1	1.0	S	0.0
Neur_CCD57795.1.OUT	Agam_XP.061509035.1	1.0	S	0.0
Neur_XP.062685912.1.OUT	Agam_XP.061509035.1	1.0	S	0.0
Neur_CCD57795.1.OUT	Dmir_XP.033243279.1	1.0	S	0.0
Neur_XP.062685912.1.OUT	Dmir_XP.033243279.1	1.0	S	0.0
Neur_CCD57795.1.OUT	Dmir_XP.017138458.1	1.0	S	0.0
Neur_XP.062685912.1.OUT	Dmir_XP.017138458.1	1.0	S	0.0
Neur_CCD57795.1.OUT	Dmel_NP.001261829.1	1.0	S	0.0
Neur_XP.062685912.1.OUT	Dmel_NP.001261829.1	1.0	S	0.0
Neur_CCD57795.1.OUT	Dser_XP.020817997.1	1.0	S	0.0
Neur_XP.062685912.1.OUT	Dser_XP.020817997.1	1.0	S	0.0
Neur_CCD57795.1.OUT	Dbus_XP.017835743.2	1.0	S	0.0
Neur_XP.062685912.1.OUT	Dbus_XP.017835743.2	1.0	S	0.0
Neur_CCD57795.1.OUT	Dana_XP.001956432.1	1.0	S	0.0
Neur_XP.062685912.1.OUT	Dana_XP.001956432.1	1.0	S	0.0
Neur_CCD57795.1.OUT	Dmel_NP.524066.1	1.0	S	0.0
Neur_XP.062685912.1.OUT	Dmel_NP.524066.1	1.0	S	0.0
Neur_CCD57795.1.OUT	Dser_XP.020807900.1	1.0	S	0.0
Neur_XP.062685912.1.OUT	Dser_XP.020807900.1	1.0	S	0.0
Neur_CCD57795.1.OUT	Dmir_XP.033246935.1	1.0	S	0.0
Neur_XP.062685912.1.OUT	Dmir_XP.033246935.1	1.0	S	0.0
Neur_CCD57795.1.OUT	Dsuz_XP.036678170.1	1.0	S	0.0
Neur_XP.062685912.1.OUT	Dsuz_XP.036678170.1	1.0	S	0.0
Neur_CCD57795.1.OUT	Dkik_XP.017034345.1	1.0	S	0.0
Neur_XP.062685912.1.OUT	Dkik_XP.017034345.1	1.0	S	0.0
Neur_CCD57795.1.OUT	Dele_XP.017128640.1	1.0	S	0.0
Neur_XP.062685912.1.OUT	Dele_XP.017128640.1	1.0	S	0.0
Neur_CCD57795.1.OUT	Dbus_XP.033150665.1	1.0	S	0.0
Neur_XP.062685912.1.OUT	Dbus_XP.033150665.1	1.0	S	0.0
Neur_CCD57795.1.OUT	Dbus_XP.017840298.2	1.0	S	0.0
Neur_XP.062685912.1.OUT	Dbus_XP.017840298.2	1.0	S	0.0
Neur_CCD57795.1.OUT	Dhyd_XP.023168522.1	1.0	S	0.0
Neur_XP.062685912.1.OUT	Dhyd_XP.023168522.1	1.0	S	0.0
Neur_CCD57795.1.OUT	Dwil_XP.023030517.1	1.0	S	0.0
Neur_XP.062685912.1.OUT	Dwil_XP.023030517.1	1.0	S	0.0
Neur_CCD57795.1.OUT	Dere_XP.001972713.1	1.0	S	0.0
Neur_XP.062685912.1.OUT	Dere_XP.001972713.1	1.0	S	0.0
Neur_CCD57795.1.OUT	Dbip_XP.017089891.1	1.0	S	0.0
Neur_XP.062685912.1.OUT	Dbip_XP.017089891.1	1.0	S	0.0
Neur_CCD57795.1.OUT	Dsec_XP.002036270.2	1.0	S	0.0
Neur_XP.062685912.1.OUT	Dsec_XP.002036270.2	1.0	S	0.0
Neur_CCD57795.1.OUT	Dkik_XP.017037366.1	1.0	S	0.0
Neur_XP.062685912.1.OUT	Dkik_XP.017037366.1	1.0	S	0.0
Neur_CCD57795.1.OUT	Dgri_XP.001993541.2	1.0	S	0.0
Neur_XP.062685912.1.OUT	Dgri_XP.001993541.2	1.0	S	0.0
Neur_CCD57795.1.OUT	Dari_XP.017862178.1	1.0	S	0.0
Neur_XP.062685912.1.OUT	Dari_XP.017862178.1	1.0	S	0.0
Neur_CCD57795.1.OUT	Dalb_XP.051860622.1	1.0	S	0.0
Neur_XP.062685912.1.OUT	Dalb_XP.051860622.1	1.0	S	0.0
Neur_CCD57795.1.OUT	Dsec_XP.002040195.2	1.0	S	0.0
Neur_XP.062685912.1.OUT	Dsec_XP.002040195.2	1.0	S	0.0
Neur_CCD57795.1.OUT	Dele_XP.017121213.1	1.0	S	0.0
Neur_XP.062685912.1.OUT	Dele_XP.017121213.1	1.0	S	0.0
Neur_CCD57795.1.OUT	Dari_XP.017860249.1	1.0	S	0.0
Neur_XP.062685912.1.OUT	Dari_XP.017860249.1	1.0	S	0.0
Neur_CCD57795.1.OUT	Dalb_XP.051858933.1	1.0	S	0.0
Neur_XP.062685912.1.OUT	Dalb_XP.051858933.1	1.0	S	0.0
Neur_CCD57795.1.OUT	Dalb_XP.034108985.1	1.0	S	0.0
Neur_XP.062685912.1.OUT	Dalb_XP.034108985.1	1.0	S	0.0
Neur_CCD57795.1.OUT	Dmel_NP.001286801.1	1.0	S	0.0
Neur_XP.062685912.1.OUT	Dmel_NP.001286801.1	1.0	S	0.0
Neur_CCD57795.1.OUT	Dkik_XP.017024634.1	1.0	S	0.0
Neur_XP.062685912.1.OUT	Dkik_XP.017024634.1	1.0	S	0.0
Neur_CCD57795.1.OUT	Agam_XP.061514536.1	1.0	S	0.0
Neur_XP.062685912.1.OUT	Agam_XP.061514536.1	1.0	S	0.0
Neur_CCD57795.1.OUT	Dmir_XP.017149652.2	1.0	S	0.0
Neur_XP.062685912.1.OUT	Dmir_XP.017149652.2	1.0	S	0.0
Neur_CCD57795.1.OUT	Agam_XP.061516479.1	1.0	S	0.0
Neur_XP.062685912.1.OUT	Agam_XP.061516479.1	1.0	S	0.0
Neur_CCD57795.1.OUT	Dpse_XP.002134931.3	1.0	S	0.0
Neur_XP.062685912.1.OUT	Dpse_XP.002134931.3	1.0	S	0.0
Neur_CCD57795.1.OUT	Dser_XP.020816311.1	1.0	S	0.0
Neur_XP.062685912.1.OUT	Dser_XP.020816311.1	1.0	S	0.0
Neur_CCD57795.1.OUT	Dmir_XP.017154597.1	1.0	S	0.0
Neur_XP.062685912.1.OUT	Dmir_XP.017154597.1	1.0	S	0.0
Neur_CCD57795.1.OUT	Dwil_XP.023034010.1	1.0	S	0.0
Neur_XP.062685912.1.OUT	Dwil_XP.023034010.1	1.0	S	0.0
Neur_CCD57795.1.OUT	Agam_XP.061513404.1	1.0	S	0.0
Neur_XP.062685912.1.OUT	Agam_XP.061513404.1	1.0	S	0.0
Neur_CCD57795.1.OUT	Dsuz_XP.016926392.1	1.0	S	0.0
Neur_XP.062685912.1.OUT	Dsuz_XP.016926392.1	1.0	S	0.0
Neur_CCD57795.1.OUT	Dana_XP.001954720.1	1.0	S	0.0
Neur_XP.062685912.1.OUT	Dana_XP.001954720.1	1.0	S	0.0
Neur_CCD57795.1.OUT	Dana_XP.001959479.1	1.0	S	0.0
Neur_XP.062685912.1.OUT	Dana_XP.001959479.1	1.0	S	0.0
Neur_CCD57795.1.OUT	Dbus_XP.017841081.1	1.0	S	0.0
Neur_XP.062685912.1.OUT	Dbus_XP.017841081.1	1.0	S	0.0
Neur_CCD57795.1.OUT	Dkik_XP.017034102.1	1.0	S	0.0
Neur_XP.062685912.1.OUT	Dkik_XP.017034102.1	1.0	S	0.0
Neur_CCD57795.1.OUT	Dbip_XP.017090318.2	1.0	S	0.0
Neur_XP.062685912.1.OUT	Dbip_XP.017090318.2	1.0	S	0.0
Neur_CCD57795.1.OUT	Dele_XP.017122478.1	1.0	S	0.0
Neur_XP.062685912.1.OUT	Dele_XP.017122478.1	1.0	S	0.0
Neur_CCD57795.1.OUT	Dele_XP.017128154.1	1.0	S	0.0
Neur_XP.062685912.1.OUT	Dele_XP.017128154.1	1.0	S	0.0
Neur_CCD57795.1.OUT	Dser_XP.020811779.1	1.0	S	0.0
Neur_XP.062685912.1.OUT	Dser_XP.020811779.1	1.0	S	0.0
Neur_CCD57795.1.OUT	Dsec_XP.002030465.1	1.0	S	0.0
Neur_XP.062685912.1.OUT	Dsec_XP.002030465.1	1.0	S	0.0
Neur_CCD57795.1.OUT	Dalb_XP.034107607.1	1.0	S	0.0
Neur_XP.062685912.1.OUT	Dalb_XP.034107607.1	1.0	S	0.0
Neur_CCD57795.1.OUT	Dbip_XP.017088796.2	1.0	S	0.0
Neur_XP.062685912.1.OUT	Dbip_XP.017088796.2	1.0	S	0.0
Neur_CCD57795.1.OUT	Dbip_XP.017099296.2	1.0	S	0.0
Neur_XP.062685912.1.OUT	Dbip_XP.017099296.2	1.0	S	0.0
Neur_CCD57795.1.OUT	Dari_XP.017868666.1	1.0	S	0.0
Neur_XP.062685912.1.OUT	Dari_XP.017868666.1	1.0	S	0.0
Neur_CCD57795.1.OUT	Dbip_XP.017090122.2	1.0	S	0.0
Neur_XP.062685912.1.OUT	Dbip_XP.017090122.2	1.0	S	0.0
Neur_CCD57795.1.OUT	Dalb_XP.034106594.1	1.0	S	0.0
Neur_XP.062685912.1.OUT	Dalb_XP.034106594.1	1.0	S	0.0
Neur_CCD57795.1.OUT	Dari_XP.017867550.1	1.0	S	0.0
Neur_XP.062685912.1.OUT	Dari_XP.017867550.1	1.0	S	0.0
Neur_CCD57795.1.OUT	Dmir_XP.017145320.1	1.0	S	0.0
Neur_XP.062685912.1.OUT	Dmir_XP.017145320.1	1.0	S	0.0
Neur_CCD57795.1.OUT	Dere_XP.026834908.1	1.0	S	0.0
Neur_XP.062685912.1.OUT	Dere_XP.026834908.1	1.0	S	0.0
Neur_CCD57795.1.OUT	Agam_XP.061509694.1	1.0	S	0.0
Neur_XP.062685912.1.OUT	Agam_XP.061509694.1	1.0	S	0.0
Neur_CCD57795.1.OUT	Dkik_XP.017034105.1	1.0	S	0.0
Neur_XP.062685912.1.OUT	Dkik_XP.017034105.1	1.0	S	0.0
Neur_CCD57795.1.OUT	Dalb_XP.051863654.1	1.0	S	0.0
Neur_XP.062685912.1.OUT	Dalb_XP.051863654.1	1.0	S	0.0
Neur_CCD57795.1.OUT	Dmel_NP.651839.1	1.0	S	0.0
Neur_XP.062685912.1.OUT	Dmel_NP.651839.1	1.0	S	0.0
Neur_CCD57795.1.OUT	Dmir_XP.017149731.1	1.0	S	0.0
Neur_XP.062685912.1.OUT	Dmir_XP.017149731.1	1.0	S	0.0
Neur_CCD57795.1.OUT	Dsec_XP.002037434.1	1.0	S	0.0
Neur_XP.062685912.1.OUT	Dsec_XP.002037434.1	1.0	S	0.0
Neur_CCD57795.1.OUT	Dsec_XP.002033808.1	1.0	S	0.0
Neur_XP.062685912.1.OUT	Dsec_XP.002033808.1	1.0	S	0.0
Neur_CCD57795.1.OUT	Dwil_XP.002061712.1	1.0	S	0.0
Neur_XP.062685912.1.OUT	Dwil_XP.002061712.1	1.0	S	0.0
Neur_CCD57795.1.OUT	Dere_XP.001981122.1	1.0	S	0.0
Neur_XP.062685912.1.OUT	Dere_XP.001981122.1	1.0	S	0.0
Neur_CCD57795.1.OUT	Dari_XP.017864416.1	1.0	S	0.0
Neur_XP.062685912.1.OUT	Dari_XP.017864416.1	1.0	S	0.0
Neur_CCD57795.1.OUT	Agam_XP.061509362.1	1.0	S	0.0
Neur_XP.062685912.1.OUT	Agam_XP.061509362.1	1.0	S	0.0
Neur_CCD57795.1.OUT	Dmel_NP.523739.2	1.0	S	0.0
Neur_XP.062685912.1.OUT	Dmel_NP.523739.2	1.0	S	0.0
Neur_CCD57795.1.OUT	Dana_XP.032310341.1	1.0	S	0.0
Neur_XP.062685912.1.OUT	Dana_XP.032310341.1	1.0	S	0.0
Neur_CCD57795.1.OUT	Dgri_XP.032598957.1	1.0	S	0.0
Neur_XP.062685912.1.OUT	Dgri_XP.032598957.1	1.0	S	0.0
Neur_CCD57795.1.OUT	Dser_XP.020802427.1	1.0	S	0.0
Neur_XP.062685912.1.OUT	Dser_XP.020802427.1	1.0	S	0.0
Neur_CCD57795.1.OUT	Dmel_NP.001260269.1	1.0	S	0.0
Neur_XP.062685912.1.OUT	Dmel_NP.001260269.1	1.0	S	0.0
Neur_CCD57795.1.OUT	Dsuz_XP.016935593.2	1.0	S	0.0
Neur_XP.062685912.1.OUT	Dsuz_XP.016935593.2	1.0	S	0.0
Neur_CCD57795.1.OUT	Dhyd_XP.030081376.1	1.0	S	0.0
Neur_XP.062685912.1.OUT	Dhyd_XP.030081376.1	1.0	S	0.0
Neur_CCD57795.1.OUT	Dere_XP.001976516.1	1.0	S	0.0
Neur_XP.062685912.1.OUT	Dere_XP.001976516.1	1.0	S	0.0
Neur_CCD57795.1.OUT	Dsuz_XP.016927906.1	1.0	S	0.0
Neur_XP.062685912.1.OUT	Dsuz_XP.016927906.1	1.0	S	0.0
Neur_CCD57795.1.OUT	Dpse_XP.001361762.2	1.0	S	0.0
Neur_XP.062685912.1.OUT	Dpse_XP.001361762.2	1.0	S	0.0
Neur_CCD57795.1.OUT	Dhyd_XP.023173058.2	1.0	S	0.0
Neur_XP.062685912.1.OUT	Dhyd_XP.023173058.2	1.0	S	0.0
Neur_CCD57795.1.OUT	Dhyd_XP.023173062.1	1.0	S	0.0
Neur_XP.062685912.1.OUT	Dhyd_XP.023173062.1	1.0	S	0.0
Neur_CCD57795.1.OUT	Dser_XP.020815889.1	1.0	S	0.0
Neur_XP.062685912.1.OUT	Dser_XP.020815889.1	1.0	S	0.0
Neur_CCD57795.1.OUT	Dwil_XP.002061086.2	1.0	S	0.0
Neur_XP.062685912.1.OUT	Dwil_XP.002061086.2	1.0	S	0.0
Neur_CCD57795.1.OUT	Dhyd_XP.023172210.2	1.0	S	0.0
Neur_XP.062685912.1.OUT	Dhyd_XP.023172210.2	1.0	S	0.0
Neur_CCD57795.1.OUT	Dsuz_XP.016933433.1	1.0	S	0.0
Neur_XP.062685912.1.OUT	Dsuz_XP.016933433.1	1.0	S	0.0
Neur_CCD57795.1.OUT	Dere_XP.001972711.1	1.0	S	0.0
Neur_XP.062685912.1.OUT	Dere_XP.001972711.1	1.0	S	0.0
Neur_CCD57795.1.OUT	Dwil_XP.023035523.1	1.0	S	0.0
Neur_XP.062685912.1.OUT	Dwil_XP.023035523.1	1.0	S	0.0
Neur_CCD57795.1.OUT	Dkik_XP.017019703.1	1.0	S	0.0
Neur_XP.062685912.1.OUT	Dkik_XP.017019703.1	1.0	S	0.0
Neur_CCD57795.1.OUT	Dgri_XP.032597554.1	1.0	S	0.0
Neur_XP.062685912.1.OUT	Dgri_XP.032597554.1	1.0	S	0.0
Neur_CCD57795.1.OUT	Dpse_XP.001355808.4	1.0	S	0.0
Neur_XP.062685912.1.OUT	Dpse_XP.001355808.4	1.0	S	0.0
Neur_CCD57795.1.OUT	Dana_XP.001962613.2	1.0	S	0.0
Neur_XP.062685912.1.OUT	Dana_XP.001962613.2	1.0	S	0.0
Neur_CCD57795.1.OUT	Dbip_XP.043070009.1	1.0	S	0.0
Neur_XP.062685912.1.OUT	Dbip_XP.043070009.1	1.0	S	0.0
Neur_CCD57795.1.OUT	Agam_XP.061506760.1	1.0	S	0.0
Neur_XP.062685912.1.OUT	Agam_XP.061506760.1	1.0	S	0.0
Neur_CCD57795.1.OUT	Dgri_XP.001987303.1	1.0	S	0.0
Neur_XP.062685912.1.OUT	Dgri_XP.001987303.1	1.0	S	0.0
Neur_CCD57795.1.OUT	Dwil_XP.023033998.1	1.0	S	0.0
Neur_XP.062685912.1.OUT	Dwil_XP.023033998.1	1.0	S	0.0
Neur_CCD57795.1.OUT	Dmel_NP.001261827.1	1.0	S	0.0
Neur_XP.062685912.1.OUT	Dmel_NP.001261827.1	1.0	S	0.0
Neur_CCD57795.1.OUT	Dpse_XP.001357577.3	1.0	S	0.0
Neur_XP.062685912.1.OUT	Dpse_XP.001357577.3	1.0	S	0.0
Neur_CCD57795.1.OUT	Dele_XP.017125359.1	1.0	S	0.0
Neur_XP.062685912.1.OUT	Dele_XP.017125359.1	1.0	S	0.0
Neur_CCD57795.1.OUT	Dpse_XP.033239763.1	1.0	S	0.0
Neur_XP.062685912.1.OUT	Dpse_XP.033239763.1	1.0	S	0.0
Neur_CCD57795.1.OUT	Dana_XP.001959457.2	1.0	S	0.0
Neur_XP.062685912.1.OUT	Dana_XP.001959457.2	1.0	S	0.0
Neur_CCD57795.1.OUT	Dser_XP.020816310.1	1.0	S	0.0
Neur_XP.062685912.1.OUT	Dser_XP.020816310.1	1.0	S	0.0
Neur_XP.062685912.1.OUT	Neur_CCD57795.1.OUT	100.0	D	1.0
Dmir_XP.017149731.1	Dkik_XP.017019703.1	98.0	S	0.0
Dpse_XP.001361762.2	Dkik_XP.017019703.1	98.0	S	0.0
Dmir_XP.017149731.1	Dser_XP.020802427.1	98.0	S	0.0
Dpse_XP.001361762.2	Dser_XP.020802427.1	98.0	S	0.0
Dmir_XP.017149731.1	Dere_XP.001975666.1	98.0	S	0.0
Dpse_XP.001361762.2	Dere_XP.001975666.1	98.0	S	0.0
Dmir_XP.017149731.1	Dsec_XP.002033808.1	98.0	S	0.0
Dpse_XP.001361762.2	Dsec_XP.002033808.1	98.0	S	0.0
Dmir_XP.017149731.1	Dbus_XP.017835743.2	98.0	S	0.0
Dpse_XP.001361762.2	Dbus_XP.017835743.2	98.0	S	0.0
Dmir_XP.017149731.1	Dgri_XP.001987303.1	98.0	S	0.0
Dpse_XP.001361762.2	Dgri_XP.001987303.1	98.0	S	0.0
Dmir_XP.017149731.1	Dele_XP.017133202.1	98.0	S	0.0
Dpse_XP.001361762.2	Dele_XP.017133202.1	98.0	S	0.0
Dmir_XP.017149731.1	Dwil_XP.023030517.1	98.0	S	0.0
Dpse_XP.001361762.2	Dwil_XP.023030517.1	98.0	S	0.0
Dmir_XP.017149731.1	Dhyd_XP.030081376.1	98.0	S	0.0
Dpse_XP.001361762.2	Dhyd_XP.030081376.1	98.0	S	0.0
Dmir_XP.017149731.1	Dana_XP.001959479.1	98.0	S	0.0
Dpse_XP.001361762.2	Dana_XP.001959479.1	98.0	S	0.0
Dmir_XP.017149731.1	Dsuz_XP.016927906.1	98.0	S	0.0
Dpse_XP.001361762.2	Dsuz_XP.016927906.1	98.0	S	0.0
Dmir_XP.017149731.1	Dari_XP.017867550.1	98.0	S	0.0
Dpse_XP.001361762.2	Dari_XP.017867550.1	98.0	S	0.0
Dmir_XP.017149731.1	Agam_XP.061509362.1	98.0	S	0.0
Dpse_XP.001361762.2	Agam_XP.061509362.1	98.0	S	0.0
Dmir_XP.017149731.1	Dalb_XP.051860622.1	98.0	S	0.0
Dpse_XP.001361762.2	Dalb_XP.051860622.1	98.0	S	0.0
Dmir_XP.017149731.1	Dbip_XP.017090318.2	98.0	S	0.0
Dpse_XP.001361762.2	Dbip_XP.017090318.2	98.0	S	0.0
Dmir_XP.017149731.1	Dmel_NP.523739.2	98.0	S	0.0
Dpse_XP.001361762.2	Dmel_NP.523739.2	98.0	S	0.0
Dmir_XP.017149731.1	Dpse_XP.001361762.2	97.0	S	0.0
Dkik_XP.017019703.1	Dbus_XP.017835743.2	63.0	S	0.0
Dere_XP.001975666.1	Dbus_XP.017835743.2	63.0	S	0.0
Dser_XP.020802427.1	Dbus_XP.017835743.2	63.0	S	0.0
Dsec_XP.002033808.1	Dbus_XP.017835743.2	63.0	S	0.0
Dele_XP.017133202.1	Dbus_XP.017835743.2	63.0	S	0.0
Dsuz_XP.016927906.1	Dbus_XP.017835743.2	63.0	S	0.0
Dmel_NP.523739.2	Dbus_XP.017835743.2	63.0	S	0.0
Dkik_XP.017019703.1	Dgri_XP.001987303.1	63.0	S	0.0
Dere_XP.001975666.1	Dgri_XP.001987303.1	63.0	S	0.0
Dser_XP.020802427.1	Dgri_XP.001987303.1	63.0	S	0.0
Dsec_XP.002033808.1	Dgri_XP.001987303.1	63.0	S	0.0
Dele_XP.017133202.1	Dgri_XP.001987303.1	63.0	S	0.0
Dsuz_XP.016927906.1	Dgri_XP.001987303.1	63.0	S	0.0
Dmel_NP.523739.2	Dgri_XP.001987303.1	63.0	S	0.0
Dkik_XP.017019703.1	Dwil_XP.023030517.1	63.0	S	0.0
Dere_XP.001975666.1	Dwil_XP.023030517.1	63.0	S	0.0
Dser_XP.020802427.1	Dwil_XP.023030517.1	63.0	S	0.0
Dsec_XP.002033808.1	Dwil_XP.023030517.1	63.0	S	0.0
Dele_XP.017133202.1	Dwil_XP.023030517.1	63.0	S	0.0
Dsuz_XP.016927906.1	Dwil_XP.023030517.1	63.0	S	0.0
Dmel_NP.523739.2	Dwil_XP.023030517.1	63.0	S	0.0
Dkik_XP.017019703.1	Dhyd_XP.030081376.1	63.0	S	0.0
Dere_XP.001975666.1	Dhyd_XP.030081376.1	63.0	S	0.0
Dser_XP.020802427.1	Dhyd_XP.030081376.1	63.0	S	0.0
Dsec_XP.002033808.1	Dhyd_XP.030081376.1	63.0	S	0.0
Dele_XP.017133202.1	Dhyd_XP.030081376.1	63.0	S	0.0
Dsuz_XP.016927906.1	Dhyd_XP.030081376.1	63.0	S	0.0
Dmel_NP.523739.2	Dhyd_XP.030081376.1	63.0	S	0.0
Dkik_XP.017019703.1	Dana_XP.001959479.1	63.0	S	0.0
Dere_XP.001975666.1	Dana_XP.001959479.1	63.0	S	0.0
Dser_XP.020802427.1	Dana_XP.001959479.1	63.0	S	0.0
Dsec_XP.002033808.1	Dana_XP.001959479.1	63.0	S	0.0
Dele_XP.017133202.1	Dana_XP.001959479.1	63.0	S	0.0
Dsuz_XP.016927906.1	Dana_XP.001959479.1	63.0	S	0.0
Dmel_NP.523739.2	Dana_XP.001959479.1	63.0	S	0.0
Dkik_XP.017019703.1	Dari_XP.017867550.1	63.0	S	0.0
Dere_XP.001975666.1	Dari_XP.017867550.1	63.0	S	0.0
Dser_XP.020802427.1	Dari_XP.017867550.1	63.0	S	0.0
Dsec_XP.002033808.1	Dari_XP.017867550.1	63.0	S	0.0
Dele_XP.017133202.1	Dari_XP.017867550.1	63.0	S	0.0
Dsuz_XP.016927906.1	Dari_XP.017867550.1	63.0	S	0.0
Dmel_NP.523739.2	Dari_XP.017867550.1	63.0	S	0.0
Dkik_XP.017019703.1	Agam_XP.061509362.1	63.0	S	0.0
Dere_XP.001975666.1	Agam_XP.061509362.1	63.0	S	0.0
Dser_XP.020802427.1	Agam_XP.061509362.1	63.0	S	0.0
Dsec_XP.002033808.1	Agam_XP.061509362.1	63.0	S	0.0
Dele_XP.017133202.1	Agam_XP.061509362.1	63.0	S	0.0
Dsuz_XP.016927906.1	Agam_XP.061509362.1	63.0	S	0.0
Dmel_NP.523739.2	Agam_XP.061509362.1	63.0	S	0.0
Dkik_XP.017019703.1	Dalb_XP.051860622.1	63.0	S	0.0
Dere_XP.001975666.1	Dalb_XP.051860622.1	63.0	S	0.0
Dser_XP.020802427.1	Dalb_XP.051860622.1	63.0	S	0.0
Dsec_XP.002033808.1	Dalb_XP.051860622.1	63.0	S	0.0
Dele_XP.017133202.1	Dalb_XP.051860622.1	63.0	S	0.0
Dsuz_XP.016927906.1	Dalb_XP.051860622.1	63.0	S	0.0
Dmel_NP.523739.2	Dalb_XP.051860622.1	63.0	S	0.0
Dkik_XP.017019703.1	Dbip_XP.017090318.2	63.0	S	0.0
Dere_XP.001975666.1	Dbip_XP.017090318.2	63.0	S	0.0
Dser_XP.020802427.1	Dbip_XP.017090318.2	63.0	S	0.0
Dsec_XP.002033808.1	Dbip_XP.017090318.2	63.0	S	0.0
Dele_XP.017133202.1	Dbip_XP.017090318.2	63.0	S	0.0
Dsuz_XP.016927906.1	Dbip_XP.017090318.2	63.0	S	0.0
Dmel_NP.523739.2	Dbip_XP.017090318.2	63.0	S	0.0
Agam_XP.061509035.1	Dari_XP.017874440.1	100.0	S	0.0
Agam_XP.061509035.1	Dalb_XP.051863654.1	100.0	S	0.0
Agam_XP.061509035.1	Dmel_NP.651839.1	100.0	S	0.0
Agam_XP.061509035.1	Dser_XP.020811779.1	100.0	S	0.0
Agam_XP.061509035.1	Dsec_XP.002037434.1	100.0	S	0.0
Agam_XP.061509035.1	Dbip_XP.017088796.2	100.0	S	0.0
Agam_XP.061509035.1	Dhyd_XP.023168522.1	100.0	S	0.0
Agam_XP.061509035.1	Dere_XP.001981122.1	100.0	S	0.0
Agam_XP.061509035.1	Dgri_XP.032597554.1	100.0	S	0.0
Agam_XP.061509035.1	Dsuz_XP.016935593.2	100.0	S	0.0
Agam_XP.061509035.1	Dana_XP.001954720.1	100.0	S	0.0
Agam_XP.061509035.1	Dpse_XP.001357577.3	100.0	S	0.0
Agam_XP.061509035.1	Dkik_XP.017037366.1	100.0	S	0.0
Agam_XP.061509035.1	Dwil_XP.023035523.1	100.0	S	0.0
Agam_XP.061509035.1	Dbus_XP.017845374.1	100.0	S	0.0
Agam_XP.061509035.1	Dmir_XP.017145320.1	100.0	S	0.0
Agam_XP.061509035.1	Dele_XP.017122478.1	100.0	S	0.0
Dkik_XP.017019703.1	Dere_XP.001975666.1	98.0	S	0.0
Dser_XP.020802427.1	Dere_XP.001975666.1	98.0	S	0.0
Dkik_XP.017019703.1	Dsec_XP.002033808.1	98.0	S	0.0
Dser_XP.020802427.1	Dsec_XP.002033808.1	98.0	S	0.0
Dkik_XP.017019703.1	Dele_XP.017133202.1	98.0	S	0.0
Dser_XP.020802427.1	Dele_XP.017133202.1	98.0	S	0.0
Dkik_XP.017019703.1	Dsuz_XP.016927906.1	98.0	S	0.0
Dser_XP.020802427.1	Dsuz_XP.016927906.1	98.0	S	0.0
Dkik_XP.017019703.1	Dmel_NP.523739.2	98.0	S	0.0
Dser_XP.020802427.1	Dmel_NP.523739.2	98.0	S	0.0
Dbip_XP.017090318.2	Dbus_XP.017835743.2	93.0	S	0.0
Dana_XP.001959479.1	Dbus_XP.017835743.2	93.0	S	0.0
Dbip_XP.017090318.2	Dgri_XP.001987303.1	93.0	S	0.0
Dana_XP.001959479.1	Dgri_XP.001987303.1	93.0	S	0.0
Dbip_XP.017090318.2	Dwil_XP.023030517.1	93.0	S	0.0
Dana_XP.001959479.1	Dwil_XP.023030517.1	93.0	S	0.0
Dbip_XP.017090318.2	Dhyd_XP.030081376.1	93.0	S	0.0
Dana_XP.001959479.1	Dhyd_XP.030081376.1	93.0	S	0.0
Dbip_XP.017090318.2	Dari_XP.017867550.1	93.0	S	0.0
Dana_XP.001959479.1	Dari_XP.017867550.1	93.0	S	0.0
Dbip_XP.017090318.2	Agam_XP.061509362.1	93.0	S	0.0
Dana_XP.001959479.1	Agam_XP.061509362.1	93.0	S	0.0
Dbip_XP.017090318.2	Dalb_XP.051860622.1	93.0	S	0.0
Dana_XP.001959479.1	Dalb_XP.051860622.1	93.0	S	0.0
Dbip_XP.017088796.2	Dari_XP.017874440.1	97.0	S	0.0
Dbip_XP.017088796.2	Dalb_XP.051863654.1	97.0	S	0.0
Dbip_XP.017088796.2	Dmel_NP.651839.1	97.0	S	0.0
Dbip_XP.017088796.2	Dser_XP.020811779.1	97.0	S	0.0
Dbip_XP.017088796.2	Dsec_XP.002037434.1	97.0	S	0.0
Dbip_XP.017088796.2	Dhyd_XP.023168522.1	97.0	S	0.0
Dbip_XP.017088796.2	Dere_XP.001981122.1	97.0	S	0.0
Dbip_XP.017088796.2	Dgri_XP.032597554.1	97.0	S	0.0
Dbip_XP.017088796.2	Dsuz_XP.016935593.2	97.0	S	0.0
Dbip_XP.017088796.2	Dana_XP.001954720.1	97.0	S	0.0
Dbip_XP.017088796.2	Dpse_XP.001357577.3	97.0	S	0.0
Dbip_XP.017088796.2	Dkik_XP.017037366.1	97.0	S	0.0
Dbip_XP.017088796.2	Dwil_XP.023035523.1	97.0	S	0.0
Dbip_XP.017088796.2	Dbus_XP.017845374.1	97.0	S	0.0
Dbip_XP.017088796.2	Dmir_XP.017145320.1	97.0	S	0.0
Dbip_XP.017088796.2	Dele_XP.017122478.1	97.0	S	0.0
Agam_XP.061506760.1	Dhyd_XP.023171730.2	100.0	S	0.0
Agam_XP.061506760.1	Dbip_XP.017090231.2	100.0	S	0.0
Agam_XP.061506760.1	Dser_XP.020817997.1	100.0	S	0.0
Agam_XP.061506760.1	Dmel_NP.001286801.1	100.0	S	0.0
Agam_XP.061506760.1	Dmir_XP.033246935.1	100.0	S	0.0
Agam_XP.061506760.1	Dgri_XP.032590737.1	100.0	S	0.0
Agam_XP.061506760.1	Dari_XP.017868666.1	100.0	S	0.0
Agam_XP.061506760.1	Dwil_XP.002061086.2	100.0	S	0.0
Agam_XP.061506760.1	Dsuz_XP.016926392.1	100.0	S	0.0
Agam_XP.061506760.1	Dalb_XP.034106594.1	100.0	S	0.0
Agam_XP.061506760.1	Dpse_XP.001360869.4	100.0	S	0.0
Agam_XP.061506760.1	Dkik_XP.017018688.1	100.0	S	0.0
Agam_XP.061506760.1	Dere_XP.001976516.1	100.0	S	0.0
Agam_XP.061506760.1	Dele_XP.017125359.1	100.0	S	0.0
Agam_XP.061506760.1	Dbus_XP.017836915.1	100.0	S	0.0
Agam_XP.061506760.1	Dana_XP.001959457.2	100.0	S	0.0
Agam_XP.061506760.1	Dsec_XP.002040195.2	100.0	S	0.0
Agam_XP.061506760.1	Dmir_XP.017149652.2	100.0	S	0.0
Dkik_XP.017019703.1	Dser_XP.020802427.1	100.0	S	0.0
Dsuz_XP.016927906.1	Dsec_XP.002033808.1	98.0	S	0.0
Dsuz_XP.016927906.1	Dmel_NP.523739.2	98.0	S	0.0
Dsuz_XP.016927906.1	Dele_XP.017133202.1	98.0	S	0.0
Dsuz_XP.016927906.1	Dere_XP.001975666.1	98.0	S	0.0
Dana_XP.001959479.1	Dbip_XP.017090318.2	100.0	S	0.0
Dwil_XP.023030517.1	Dbus_XP.017835743.2	96.0	S	0.0
Dwil_XP.023030517.1	Dgri_XP.001987303.1	96.0	S	0.0
Dwil_XP.023030517.1	Dhyd_XP.030081376.1	96.0	S	0.0
Dwil_XP.023030517.1	Dari_XP.017867550.1	96.0	S	0.0
Dwil_XP.023030517.1	Agam_XP.061509362.1	96.0	S	0.0
Dwil_XP.023030517.1	Dalb_XP.051860622.1	96.0	S	0.0
Dana_XP.001954720.1	Dari_XP.017874440.1	93.0	S	0.0
Dana_XP.001954720.1	Dalb_XP.051863654.1	93.0	S	0.0
Dana_XP.001954720.1	Dmel_NP.651839.1	93.0	S	0.0
Dana_XP.001954720.1	Dser_XP.020811779.1	93.0	S	0.0
Dana_XP.001954720.1	Dsec_XP.002037434.1	93.0	S	0.0
Dana_XP.001954720.1	Dhyd_XP.023168522.1	93.0	S	0.0
Dana_XP.001954720.1	Dere_XP.001981122.1	93.0	S	0.0
Dana_XP.001954720.1	Dgri_XP.032597554.1	93.0	S	0.0
Dana_XP.001954720.1	Dsuz_XP.016935593.2	93.0	S	0.0
Dana_XP.001954720.1	Dpse_XP.001357577.3	93.0	S	0.0
Dana_XP.001954720.1	Dkik_XP.017037366.1	93.0	S	0.0
Dana_XP.001954720.1	Dwil_XP.023035523.1	93.0	S	0.0
Dana_XP.001954720.1	Dbus_XP.017845374.1	93.0	S	0.0
Dana_XP.001954720.1	Dmir_XP.017145320.1	93.0	S	0.0
Dana_XP.001954720.1	Dele_XP.017122478.1	93.0	S	0.0
Dhyd_XP.023171730.2	Dbip_XP.017090231.2	98.0	S	0.0
Dgri_XP.032590737.1	Dbip_XP.017090231.2	98.0	S	0.0
Dari_XP.017868666.1	Dbip_XP.017090231.2	98.0	S	0.0
Dwil_XP.002061086.2	Dbip_XP.017090231.2	98.0	S	0.0
Dalb_XP.034106594.1	Dbip_XP.017090231.2	98.0	S	0.0
Dbus_XP.017836915.1	Dbip_XP.017090231.2	98.0	S	0.0
Dhyd_XP.023171730.2	Dser_XP.020817997.1	98.0	S	0.0
Dgri_XP.032590737.1	Dser_XP.020817997.1	98.0	S	0.0
Dari_XP.017868666.1	Dser_XP.020817997.1	98.0	S	0.0
Dwil_XP.002061086.2	Dser_XP.020817997.1	98.0	S	0.0
Dalb_XP.034106594.1	Dser_XP.020817997.1	98.0	S	0.0
Dbus_XP.017836915.1	Dser_XP.020817997.1	98.0	S	0.0
Dhyd_XP.023171730.2	Dmel_NP.001286801.1	98.0	S	0.0
Dgri_XP.032590737.1	Dmel_NP.001286801.1	98.0	S	0.0
Dari_XP.017868666.1	Dmel_NP.001286801.1	98.0	S	0.0
Dwil_XP.002061086.2	Dmel_NP.001286801.1	98.0	S	0.0
Dalb_XP.034106594.1	Dmel_NP.001286801.1	98.0	S	0.0
Dbus_XP.017836915.1	Dmel_NP.001286801.1	98.0	S	0.0
Dhyd_XP.023171730.2	Dmir_XP.033246935.1	98.0	S	0.0
Dgri_XP.032590737.1	Dmir_XP.033246935.1	98.0	S	0.0
Dari_XP.017868666.1	Dmir_XP.033246935.1	98.0	S	0.0
Dwil_XP.002061086.2	Dmir_XP.033246935.1	98.0	S	0.0
Dalb_XP.034106594.1	Dmir_XP.033246935.1	98.0	S	0.0
Dbus_XP.017836915.1	Dmir_XP.033246935.1	98.0	S	0.0
Dhyd_XP.023171730.2	Dsuz_XP.016926392.1	98.0	S	0.0
Dgri_XP.032590737.1	Dsuz_XP.016926392.1	98.0	S	0.0
Dari_XP.017868666.1	Dsuz_XP.016926392.1	98.0	S	0.0
Dwil_XP.002061086.2	Dsuz_XP.016926392.1	98.0	S	0.0
Dalb_XP.034106594.1	Dsuz_XP.016926392.1	98.0	S	0.0
Dbus_XP.017836915.1	Dsuz_XP.016926392.1	98.0	S	0.0
Dhyd_XP.023171730.2	Dpse_XP.001360869.4	98.0	S	0.0
Dgri_XP.032590737.1	Dpse_XP.001360869.4	98.0	S	0.0
Dari_XP.017868666.1	Dpse_XP.001360869.4	98.0	S	0.0
Dwil_XP.002061086.2	Dpse_XP.001360869.4	98.0	S	0.0
Dalb_XP.034106594.1	Dpse_XP.001360869.4	98.0	S	0.0
Dbus_XP.017836915.1	Dpse_XP.001360869.4	98.0	S	0.0
Dhyd_XP.023171730.2	Dere_XP.001976516.1	98.0	S	0.0
Dgri_XP.032590737.1	Dere_XP.001976516.1	98.0	S	0.0
Dari_XP.017868666.1	Dere_XP.001976516.1	98.0	S	0.0
Dwil_XP.002061086.2	Dere_XP.001976516.1	98.0	S	0.0
Dalb_XP.034106594.1	Dere_XP.001976516.1	98.0	S	0.0
Dbus_XP.017836915.1	Dere_XP.001976516.1	98.0	S	0.0
Dhyd_XP.023171730.2	Dkik_XP.017018688.1	98.0	S	0.0
Dgri_XP.032590737.1	Dkik_XP.017018688.1	98.0	S	0.0
Dari_XP.017868666.1	Dkik_XP.017018688.1	98.0	S	0.0
Dwil_XP.002061086.2	Dkik_XP.017018688.1	98.0	S	0.0
Dalb_XP.034106594.1	Dkik_XP.017018688.1	98.0	S	0.0
Dbus_XP.017836915.1	Dkik_XP.017018688.1	98.0	S	0.0
Dhyd_XP.023171730.2	Dele_XP.017125359.1	98.0	S	0.0
Dgri_XP.032590737.1	Dele_XP.017125359.1	98.0	S	0.0
Dari_XP.017868666.1	Dele_XP.017125359.1	98.0	S	0.0
Dwil_XP.002061086.2	Dele_XP.017125359.1	98.0	S	0.0
Dalb_XP.034106594.1	Dele_XP.017125359.1	98.0	S	0.0
Dbus_XP.017836915.1	Dele_XP.017125359.1	98.0	S	0.0
Dhyd_XP.023171730.2	Dana_XP.001959457.2	98.0	S	0.0
Dgri_XP.032590737.1	Dana_XP.001959457.2	98.0	S	0.0
Dari_XP.017868666.1	Dana_XP.001959457.2	98.0	S	0.0
Dwil_XP.002061086.2	Dana_XP.001959457.2	98.0	S	0.0
Dalb_XP.034106594.1	Dana_XP.001959457.2	98.0	S	0.0
Dbus_XP.017836915.1	Dana_XP.001959457.2	98.0	S	0.0
Dhyd_XP.023171730.2	Dsec_XP.002040195.2	98.0	S	0.0
Dgri_XP.032590737.1	Dsec_XP.002040195.2	98.0	S	0.0
Dari_XP.017868666.1	Dsec_XP.002040195.2	98.0	S	0.0
Dwil_XP.002061086.2	Dsec_XP.002040195.2	98.0	S	0.0
Dalb_XP.034106594.1	Dsec_XP.002040195.2	98.0	S	0.0
Dbus_XP.017836915.1	Dsec_XP.002040195.2	98.0	S	0.0
Dhyd_XP.023171730.2	Dmir_XP.017149652.2	98.0	S	0.0
Dgri_XP.032590737.1	Dmir_XP.017149652.2	98.0	S	0.0
Dari_XP.017868666.1	Dmir_XP.017149652.2	98.0	S	0.0
Dwil_XP.002061086.2	Dmir_XP.017149652.2	98.0	S	0.0
Dalb_XP.034106594.1	Dmir_XP.017149652.2	98.0	S	0.0
Dbus_XP.017836915.1	Dmir_XP.017149652.2	98.0	S	0.0
Agam_XP.061514536.1	Dmel_NP.524066.1	100.0	S	0.0
Agam_XP.061514536.1	Dgri_XP.001984254.1	100.0	S	0.0
Agam_XP.061514536.1	Dpse_XP.001353547.1	100.0	S	0.0
Agam_XP.061514536.1	Dwil_XP.002061712.1	100.0	S	0.0
Agam_XP.061514536.1	Dhyd_XP.023173062.1	100.0	S	0.0
Agam_XP.061514536.1	Dele_XP.017128756.1	100.0	S	0.0
Agam_XP.061514536.1	Dser_XP.020815889.1	100.0	S	0.0
Agam_XP.061514536.1	Dalb_XP.034104310.1	100.0	S	0.0
Agam_XP.061514536.1	Dari_XP.017864416.1	100.0	S	0.0
Agam_XP.061514536.1	Dere_XP.001972713.1	100.0	S	0.0
Agam_XP.061514536.1	Dbip_XP.017089891.1	100.0	S	0.0
Agam_XP.061514536.1	Dsuz_XP.016933433.1	100.0	S	0.0
Agam_XP.061514536.1	Dana_XP.001956432.1	100.0	S	0.0
Agam_XP.061514536.1	Dmir_XP.017138810.1	100.0	S	0.0
Agam_XP.061514536.1	Dbus_XP.017841081.1	100.0	S	0.0
Agam_XP.061514536.1	Dkik_XP.017034102.1	100.0	S	0.0
Agam_XP.061514536.1	Dsec_XP.002030467.1	100.0	S	0.0
Dele_XP.017133202.1	Dsec_XP.002033808.1	63.0	S	0.0
Dele_XP.017133202.1	Dmel_NP.523739.2	63.0	S	0.0
Dele_XP.017133202.1	Dere_XP.001975666.1	63.0	S	0.0
Agam_XP.061509362.1	Dhyd_XP.030081376.1	96.0	S	0.0
Dalb_XP.051860622.1	Dhyd_XP.030081376.1	96.0	S	0.0
Dbus_XP.017835743.2	Dhyd_XP.030081376.1	96.0	S	0.0
Agam_XP.061509362.1	Dgri_XP.001987303.1	96.0	S	0.0
Dalb_XP.051860622.1	Dgri_XP.001987303.1	96.0	S	0.0
Dbus_XP.017835743.2	Dgri_XP.001987303.1	96.0	S	0.0
Agam_XP.061509362.1	Dari_XP.017867550.1	96.0	S	0.0
Dalb_XP.051860622.1	Dari_XP.017867550.1	96.0	S	0.0
Dbus_XP.017835743.2	Dari_XP.017867550.1	96.0	S	0.0
Dmel_NP.651839.1	Dari_XP.017874440.1	96.0	S	0.0
Dsec_XP.002037434.1	Dari_XP.017874440.1	96.0	S	0.0
Dere_XP.001981122.1	Dari_XP.017874440.1	96.0	S	0.0
Dsuz_XP.016935593.2	Dari_XP.017874440.1	96.0	S	0.0
Dele_XP.017122478.1	Dari_XP.017874440.1	96.0	S	0.0
Dmel_NP.651839.1	Dalb_XP.051863654.1	96.0	S	0.0
Dsec_XP.002037434.1	Dalb_XP.051863654.1	96.0	S	0.0
Dere_XP.001981122.1	Dalb_XP.051863654.1	96.0	S	0.0
Dsuz_XP.016935593.2	Dalb_XP.051863654.1	96.0	S	0.0
Dele_XP.017122478.1	Dalb_XP.051863654.1	96.0	S	0.0
Dmel_NP.651839.1	Dser_XP.020811779.1	96.0	S	0.0
Dsec_XP.002037434.1	Dser_XP.020811779.1	96.0	S	0.0
Dere_XP.001981122.1	Dser_XP.020811779.1	96.0	S	0.0
Dsuz_XP.016935593.2	Dser_XP.020811779.1	96.0	S	0.0
Dele_XP.017122478.1	Dser_XP.020811779.1	96.0	S	0.0
Dmel_NP.651839.1	Dhyd_XP.023168522.1	96.0	S	0.0
Dsec_XP.002037434.1	Dhyd_XP.023168522.1	96.0	S	0.0
Dere_XP.001981122.1	Dhyd_XP.023168522.1	96.0	S	0.0
Dsuz_XP.016935593.2	Dhyd_XP.023168522.1	96.0	S	0.0
Dele_XP.017122478.1	Dhyd_XP.023168522.1	96.0	S	0.0
Dmel_NP.651839.1	Dgri_XP.032597554.1	96.0	S	0.0
Dsec_XP.002037434.1	Dgri_XP.032597554.1	96.0	S	0.0
Dere_XP.001981122.1	Dgri_XP.032597554.1	96.0	S	0.0
Dsuz_XP.016935593.2	Dgri_XP.032597554.1	96.0	S	0.0
Dele_XP.017122478.1	Dgri_XP.032597554.1	96.0	S	0.0
Dmel_NP.651839.1	Dpse_XP.001357577.3	96.0	S	0.0
Dsec_XP.002037434.1	Dpse_XP.001357577.3	96.0	S	0.0
Dere_XP.001981122.1	Dpse_XP.001357577.3	96.0	S	0.0
Dsuz_XP.016935593.2	Dpse_XP.001357577.3	96.0	S	0.0
Dele_XP.017122478.1	Dpse_XP.001357577.3	96.0	S	0.0
Dmel_NP.651839.1	Dkik_XP.017037366.1	96.0	S	0.0
Dsec_XP.002037434.1	Dkik_XP.017037366.1	96.0	S	0.0
Dere_XP.001981122.1	Dkik_XP.017037366.1	96.0	S	0.0
Dsuz_XP.016935593.2	Dkik_XP.017037366.1	96.0	S	0.0
Dele_XP.017122478.1	Dkik_XP.017037366.1	96.0	S	0.0
Dmel_NP.651839.1	Dwil_XP.023035523.1	96.0	S	0.0
Dsec_XP.002037434.1	Dwil_XP.023035523.1	96.0	S	0.0
Dere_XP.001981122.1	Dwil_XP.023035523.1	96.0	S	0.0
Dsuz_XP.016935593.2	Dwil_XP.023035523.1	96.0	S	0.0
Dele_XP.017122478.1	Dwil_XP.023035523.1	96.0	S	0.0
Dmel_NP.651839.1	Dbus_XP.017845374.1	96.0	S	0.0
Dsec_XP.002037434.1	Dbus_XP.017845374.1	96.0	S	0.0
Dere_XP.001981122.1	Dbus_XP.017845374.1	96.0	S	0.0
Dsuz_XP.016935593.2	Dbus_XP.017845374.1	96.0	S	0.0
Dele_XP.017122478.1	Dbus_XP.017845374.1	96.0	S	0.0
Dmel_NP.651839.1	Dmir_XP.017145320.1	96.0	S	0.0
Dsec_XP.002037434.1	Dmir_XP.017145320.1	96.0	S	0.0
Dere_XP.001981122.1	Dmir_XP.017145320.1	96.0	S	0.0
Dsuz_XP.016935593.2	Dmir_XP.017145320.1	96.0	S	0.0
Dele_XP.017122478.1	Dmir_XP.017145320.1	96.0	S	0.0
Dwil_XP.002061086.2	Dhyd_XP.023171730.2	87.0	S	0.0
Dwil_XP.002061086.2	Dgri_XP.032590737.1	87.0	S	0.0
Dwil_XP.002061086.2	Dari_XP.017868666.1	87.0	S	0.0
Dwil_XP.002061086.2	Dalb_XP.034106594.1	87.0	S	0.0
Dwil_XP.002061086.2	Dbus_XP.017836915.1	87.0	S	0.0
Dmir_XP.033246935.1	Dbip_XP.017090231.2	77.0	S	0.0
Dpse_XP.001360869.4	Dbip_XP.017090231.2	77.0	S	0.0
Dmir_XP.017149652.2	Dbip_XP.017090231.2	77.0	S	0.0
Dmir_XP.033246935.1	Dser_XP.020817997.1	77.0	S	0.0
Dpse_XP.001360869.4	Dser_XP.020817997.1	77.0	S	0.0
Dmir_XP.017149652.2	Dser_XP.020817997.1	77.0	S	0.0
Dmir_XP.033246935.1	Dmel_NP.001286801.1	77.0	S	0.0
Dpse_XP.001360869.4	Dmel_NP.001286801.1	77.0	S	0.0
Dmir_XP.017149652.2	Dmel_NP.001286801.1	77.0	S	0.0
Dmir_XP.033246935.1	Dsuz_XP.016926392.1	77.0	S	0.0
Dpse_XP.001360869.4	Dsuz_XP.016926392.1	77.0	S	0.0
Dmir_XP.017149652.2	Dsuz_XP.016926392.1	77.0	S	0.0
Dmir_XP.033246935.1	Dere_XP.001976516.1	77.0	S	0.0
Dpse_XP.001360869.4	Dere_XP.001976516.1	77.0	S	0.0
Dmir_XP.017149652.2	Dere_XP.001976516.1	77.0	S	0.0
Dmir_XP.033246935.1	Dkik_XP.017018688.1	77.0	S	0.0
Dpse_XP.001360869.4	Dkik_XP.017018688.1	77.0	S	0.0
Dmir_XP.017149652.2	Dkik_XP.017018688.1	77.0	S	0.0
Dmir_XP.033246935.1	Dele_XP.017125359.1	77.0	S	0.0
Dpse_XP.001360869.4	Dele_XP.017125359.1	77.0	S	0.0
Dmir_XP.017149652.2	Dele_XP.017125359.1	77.0	S	0.0
Dmir_XP.033246935.1	Dana_XP.001959457.2	77.0	S	0.0
Dpse_XP.001360869.4	Dana_XP.001959457.2	77.0	S	0.0
Dmir_XP.017149652.2	Dana_XP.001959457.2	77.0	S	0.0
Dmir_XP.033246935.1	Dsec_XP.002040195.2	77.0	S	0.0
Dpse_XP.001360869.4	Dsec_XP.002040195.2	77.0	S	0.0
Dmir_XP.017149652.2	Dsec_XP.002040195.2	77.0	S	0.0
Dgri_XP.001984254.1	Dmel_NP.524066.1	93.0	S	0.0
Dhyd_XP.023173062.1	Dmel_NP.524066.1	93.0	S	0.0
Dalb_XP.034104310.1	Dmel_NP.524066.1	93.0	S	0.0
Dari_XP.017864416.1	Dmel_NP.524066.1	93.0	S	0.0
Dbus_XP.017841081.1	Dmel_NP.524066.1	93.0	S	0.0
Dgri_XP.001984254.1	Dpse_XP.001353547.1	93.0	S	0.0
Dhyd_XP.023173062.1	Dpse_XP.001353547.1	93.0	S	0.0
Dalb_XP.034104310.1	Dpse_XP.001353547.1	93.0	S	0.0
Dari_XP.017864416.1	Dpse_XP.001353547.1	93.0	S	0.0
Dbus_XP.017841081.1	Dpse_XP.001353547.1	93.0	S	0.0
Dgri_XP.001984254.1	Dwil_XP.002061712.1	93.0	S	0.0
Dhyd_XP.023173062.1	Dwil_XP.002061712.1	93.0	S	0.0
Dalb_XP.034104310.1	Dwil_XP.002061712.1	93.0	S	0.0
Dari_XP.017864416.1	Dwil_XP.002061712.1	93.0	S	0.0
Dbus_XP.017841081.1	Dwil_XP.002061712.1	93.0	S	0.0
Dgri_XP.001984254.1	Dele_XP.017128756.1	93.0	S	0.0
Dhyd_XP.023173062.1	Dele_XP.017128756.1	93.0	S	0.0
Dalb_XP.034104310.1	Dele_XP.017128756.1	93.0	S	0.0
Dari_XP.017864416.1	Dele_XP.017128756.1	93.0	S	0.0
Dbus_XP.017841081.1	Dele_XP.017128756.1	93.0	S	0.0
Dgri_XP.001984254.1	Dser_XP.020815889.1	93.0	S	0.0
Dhyd_XP.023173062.1	Dser_XP.020815889.1	93.0	S	0.0
Dalb_XP.034104310.1	Dser_XP.020815889.1	93.0	S	0.0
Dari_XP.017864416.1	Dser_XP.020815889.1	93.0	S	0.0
Dbus_XP.017841081.1	Dser_XP.020815889.1	93.0	S	0.0
Dgri_XP.001984254.1	Dere_XP.001972713.1	93.0	S	0.0
Dhyd_XP.023173062.1	Dere_XP.001972713.1	93.0	S	0.0
Dalb_XP.034104310.1	Dere_XP.001972713.1	93.0	S	0.0
Dari_XP.017864416.1	Dere_XP.001972713.1	93.0	S	0.0
Dbus_XP.017841081.1	Dere_XP.001972713.1	93.0	S	0.0
Dgri_XP.001984254.1	Dbip_XP.017089891.1	93.0	S	0.0
Dhyd_XP.023173062.1	Dbip_XP.017089891.1	93.0	S	0.0
Dalb_XP.034104310.1	Dbip_XP.017089891.1	93.0	S	0.0
Dari_XP.017864416.1	Dbip_XP.017089891.1	93.0	S	0.0
Dbus_XP.017841081.1	Dbip_XP.017089891.1	93.0	S	0.0
Dgri_XP.001984254.1	Dsuz_XP.016933433.1	93.0	S	0.0
Dhyd_XP.023173062.1	Dsuz_XP.016933433.1	93.0	S	0.0
Dalb_XP.034104310.1	Dsuz_XP.016933433.1	93.0	S	0.0
Dari_XP.017864416.1	Dsuz_XP.016933433.1	93.0	S	0.0
Dbus_XP.017841081.1	Dsuz_XP.016933433.1	93.0	S	0.0
Dgri_XP.001984254.1	Dana_XP.001956432.1	93.0	S	0.0
Dhyd_XP.023173062.1	Dana_XP.001956432.1	93.0	S	0.0
Dalb_XP.034104310.1	Dana_XP.001956432.1	93.0	S	0.0
Dari_XP.017864416.1	Dana_XP.001956432.1	93.0	S	0.0
Dbus_XP.017841081.1	Dana_XP.001956432.1	93.0	S	0.0
Dgri_XP.001984254.1	Dmir_XP.017138810.1	93.0	S	0.0
Dhyd_XP.023173062.1	Dmir_XP.017138810.1	93.0	S	0.0
Dalb_XP.034104310.1	Dmir_XP.017138810.1	93.0	S	0.0
Dari_XP.017864416.1	Dmir_XP.017138810.1	93.0	S	0.0
Dbus_XP.017841081.1	Dmir_XP.017138810.1	93.0	S	0.0
Dgri_XP.001984254.1	Dkik_XP.017034102.1	93.0	S	0.0
Dhyd_XP.023173062.1	Dkik_XP.017034102.1	93.0	S	0.0
Dalb_XP.034104310.1	Dkik_XP.017034102.1	93.0	S	0.0
Dari_XP.017864416.1	Dkik_XP.017034102.1	93.0	S	0.0
Dbus_XP.017841081.1	Dkik_XP.017034102.1	93.0	S	0.0
Dgri_XP.001984254.1	Dsec_XP.002030467.1	93.0	S	0.0
Dhyd_XP.023173062.1	Dsec_XP.002030467.1	93.0	S	0.0
Dalb_XP.034104310.1	Dsec_XP.002030467.1	93.0	S	0.0
Dari_XP.017864416.1	Dsec_XP.002030467.1	93.0	S	0.0
Dbus_XP.017841081.1	Dsec_XP.002030467.1	93.0	S	0.0
Agam_XP.061509694.1	Dmir_XP.033243279.1	99.0	S	0.0
Agam_XP.061509694.1	Dsec_XP.002030465.1	99.0	S	0.0
Agam_XP.061509694.1	Dalb_XP.034107607.1	99.0	S	0.0
Agam_XP.061509694.1	Dgri_XP.032598957.1	99.0	S	0.0
Agam_XP.061509694.1	Dmel_NP.001261829.1	99.0	S	0.0
Agam_XP.061509694.1	Dana_XP.044571024.1	99.0	S	0.0
Agam_XP.061509694.1	Dpse_XP.002134931.3	99.0	S	0.0
Agam_XP.061509694.1	Dari_XP.017862175.1	99.0	S	0.0
Agam_XP.061509694.1	Dhyd_XP.030080409.1	99.0	S	0.0
Agam_XP.061509694.1	Dbus_XP.033149417.1	99.0	S	0.0
Agam_XP.061509694.1	Dwil_XP.023034010.1	99.0	S	0.0
Agam_XP.061509694.1	Dbip_XP.017090122.2	99.0	S	0.0
Agam_XP.061509694.1	Dkik_XP.017034105.1	99.0	S	0.0
Agam_XP.061509694.1	Dere_XP.001972712.1	99.0	S	0.0
Agam_XP.061509694.1	Dser_XP.020816310.1	99.0	S	0.0
Agam_XP.061509694.1	Dele_XP.017128640.1	99.0	S	0.0
Dere_XP.001975666.1	Dsec_XP.002033808.1	64.0	S	0.0
Dere_XP.001975666.1	Dmel_NP.523739.2	64.0	S	0.0
Dalb_XP.051860622.1	Agam_XP.061509362.1	74.0	S	0.0
Dalb_XP.051860622.1	Dbus_XP.017835743.2	74.0	S	0.0
Dgri_XP.001987303.1	Dhyd_XP.030081376.1	96.0	S	0.0
Dgri_XP.001987303.1	Dari_XP.017867550.1	96.0	S	0.0
Dele_XP.017122478.1	Dmel_NP.651839.1	100.0	S	0.0
Dele_XP.017122478.1	Dere_XP.001981122.1	100.0	S	0.0
Dele_XP.017122478.1	Dsuz_XP.016935593.2	100.0	S	0.0
Dele_XP.017122478.1	Dsec_XP.002037434.1	100.0	S	0.0
Dser_XP.020811779.1	Dari_XP.017874440.1	97.0	S	0.0
Dkik_XP.017037366.1	Dari_XP.017874440.1	97.0	S	0.0
Dser_XP.020811779.1	Dalb_XP.051863654.1	97.0	S	0.0
Dkik_XP.017037366.1	Dalb_XP.051863654.1	97.0	S	0.0
Dser_XP.020811779.1	Dhyd_XP.023168522.1	97.0	S	0.0
Dkik_XP.017037366.1	Dhyd_XP.023168522.1	97.0	S	0.0
Dser_XP.020811779.1	Dgri_XP.032597554.1	97.0	S	0.0
Dkik_XP.017037366.1	Dgri_XP.032597554.1	97.0	S	0.0
Dser_XP.020811779.1	Dpse_XP.001357577.3	97.0	S	0.0
Dkik_XP.017037366.1	Dpse_XP.001357577.3	97.0	S	0.0
Dser_XP.020811779.1	Dwil_XP.023035523.1	97.0	S	0.0
Dkik_XP.017037366.1	Dwil_XP.023035523.1	97.0	S	0.0
Dser_XP.020811779.1	Dbus_XP.017845374.1	97.0	S	0.0
Dkik_XP.017037366.1	Dbus_XP.017845374.1	97.0	S	0.0
Dser_XP.020811779.1	Dmir_XP.017145320.1	97.0	S	0.0
Dkik_XP.017037366.1	Dmir_XP.017145320.1	97.0	S	0.0
Dbus_XP.017836915.1	Dhyd_XP.023171730.2	100.0	S	0.0
Dbus_XP.017836915.1	Dgri_XP.032590737.1	100.0	S	0.0
Dbus_XP.017836915.1	Dalb_XP.034106594.1	100.0	S	0.0
Dbus_XP.017836915.1	Dari_XP.017868666.1	100.0	S	0.0
Dkik_XP.017018688.1	Dbip_XP.017090231.2	95.0	S	0.0
Dser_XP.020817997.1	Dbip_XP.017090231.2	95.0	S	0.0
Dkik_XP.017018688.1	Dmel_NP.001286801.1	95.0	S	0.0
Dser_XP.020817997.1	Dmel_NP.001286801.1	95.0	S	0.0
Dkik_XP.017018688.1	Dsuz_XP.016926392.1	95.0	S	0.0
Dser_XP.020817997.1	Dsuz_XP.016926392.1	95.0	S	0.0
Dkik_XP.017018688.1	Dere_XP.001976516.1	95.0	S	0.0
Dser_XP.020817997.1	Dere_XP.001976516.1	95.0	S	0.0
Dkik_XP.017018688.1	Dele_XP.017125359.1	95.0	S	0.0
Dser_XP.020817997.1	Dele_XP.017125359.1	95.0	S	0.0
Dkik_XP.017018688.1	Dana_XP.001959457.2	95.0	S	0.0
Dser_XP.020817997.1	Dana_XP.001959457.2	95.0	S	0.0
Dkik_XP.017018688.1	Dsec_XP.002040195.2	95.0	S	0.0
Dser_XP.020817997.1	Dsec_XP.002040195.2	95.0	S	0.0
Dalb_XP.034104310.1	Dgri_XP.001984254.1	97.0	S	0.0
Dalb_XP.034104310.1	Dbus_XP.017841081.1	97.0	S	0.0
Dalb_XP.034104310.1	Dari_XP.017864416.1	97.0	S	0.0
Dalb_XP.034104310.1	Dhyd_XP.023173062.1	97.0	S	0.0
Dwil_XP.002061712.1	Dmel_NP.524066.1	96.0	S	0.0
Dwil_XP.002061712.1	Dpse_XP.001353547.1	96.0	S	0.0
Dwil_XP.002061712.1	Dele_XP.017128756.1	96.0	S	0.0
Dwil_XP.002061712.1	Dser_XP.020815889.1	96.0	S	0.0
Dwil_XP.002061712.1	Dere_XP.001972713.1	96.0	S	0.0
Dwil_XP.002061712.1	Dbip_XP.017089891.1	96.0	S	0.0
Dwil_XP.002061712.1	Dsuz_XP.016933433.1	96.0	S	0.0
Dwil_XP.002061712.1	Dana_XP.001956432.1	96.0	S	0.0
Dwil_XP.002061712.1	Dmir_XP.017138810.1	96.0	S	0.0
Dwil_XP.002061712.1	Dkik_XP.017034102.1	96.0	S	0.0
Dwil_XP.002061712.1	Dsec_XP.002030467.1	96.0	S	0.0
Dgri_XP.032598957.1	Dmir_XP.033243279.1	86.0	S	0.0
Dalb_XP.034107607.1	Dmir_XP.033243279.1	86.0	S	0.0
Dari_XP.017862175.1	Dmir_XP.033243279.1	86.0	S	0.0
Dhyd_XP.030080409.1	Dmir_XP.033243279.1	86.0	S	0.0
Dbus_XP.033149417.1	Dmir_XP.033243279.1	86.0	S	0.0
Dgri_XP.032598957.1	Dsec_XP.002030465.1	86.0	S	0.0
Dalb_XP.034107607.1	Dsec_XP.002030465.1	86.0	S	0.0
Dari_XP.017862175.1	Dsec_XP.002030465.1	86.0	S	0.0
Dhyd_XP.030080409.1	Dsec_XP.002030465.1	86.0	S	0.0
Dbus_XP.033149417.1	Dsec_XP.002030465.1	86.0	S	0.0
Dgri_XP.032598957.1	Dmel_NP.001261829.1	86.0	S	0.0
Dalb_XP.034107607.1	Dmel_NP.001261829.1	86.0	S	0.0
Dari_XP.017862175.1	Dmel_NP.001261829.1	86.0	S	0.0
Dhyd_XP.030080409.1	Dmel_NP.001261829.1	86.0	S	0.0
Dbus_XP.033149417.1	Dmel_NP.001261829.1	86.0	S	0.0
Dgri_XP.032598957.1	Dana_XP.044571024.1	86.0	S	0.0
Dalb_XP.034107607.1	Dana_XP.044571024.1	86.0	S	0.0
Dari_XP.017862175.1	Dana_XP.044571024.1	86.0	S	0.0
Dhyd_XP.030080409.1	Dana_XP.044571024.1	86.0	S	0.0
Dbus_XP.033149417.1	Dana_XP.044571024.1	86.0	S	0.0
Dgri_XP.032598957.1	Dpse_XP.002134931.3	86.0	S	0.0
Dalb_XP.034107607.1	Dpse_XP.002134931.3	86.0	S	0.0
Dari_XP.017862175.1	Dpse_XP.002134931.3	86.0	S	0.0
Dhyd_XP.030080409.1	Dpse_XP.002134931.3	86.0	S	0.0
Dbus_XP.033149417.1	Dpse_XP.002134931.3	86.0	S	0.0
Dgri_XP.032598957.1	Dwil_XP.023034010.1	86.0	S	0.0
Dalb_XP.034107607.1	Dwil_XP.023034010.1	86.0	S	0.0
Dari_XP.017862175.1	Dwil_XP.023034010.1	86.0	S	0.0
Dhyd_XP.030080409.1	Dwil_XP.023034010.1	86.0	S	0.0
Dbus_XP.033149417.1	Dwil_XP.023034010.1	86.0	S	0.0
Dgri_XP.032598957.1	Dbip_XP.017090122.2	86.0	S	0.0
Dalb_XP.034107607.1	Dbip_XP.017090122.2	86.0	S	0.0
Dari_XP.017862175.1	Dbip_XP.017090122.2	86.0	S	0.0
Dhyd_XP.030080409.1	Dbip_XP.017090122.2	86.0	S	0.0
Dbus_XP.033149417.1	Dbip_XP.017090122.2	86.0	S	0.0
Dgri_XP.032598957.1	Dkik_XP.017034105.1	86.0	S	0.0
Dalb_XP.034107607.1	Dkik_XP.017034105.1	86.0	S	0.0
Dari_XP.017862175.1	Dkik_XP.017034105.1	86.0	S	0.0
Dhyd_XP.030080409.1	Dkik_XP.017034105.1	86.0	S	0.0
Dbus_XP.033149417.1	Dkik_XP.017034105.1	86.0	S	0.0
Dgri_XP.032598957.1	Dere_XP.001972712.1	86.0	S	0.0
Dalb_XP.034107607.1	Dere_XP.001972712.1	86.0	S	0.0
Dari_XP.017862175.1	Dere_XP.001972712.1	86.0	S	0.0
Dhyd_XP.030080409.1	Dere_XP.001972712.1	86.0	S	0.0
Dbus_XP.033149417.1	Dere_XP.001972712.1	86.0	S	0.0
Dgri_XP.032598957.1	Dser_XP.020816310.1	86.0	S	0.0
Dalb_XP.034107607.1	Dser_XP.020816310.1	86.0	S	0.0
Dari_XP.017862175.1	Dser_XP.020816310.1	86.0	S	0.0
Dhyd_XP.030080409.1	Dser_XP.020816310.1	86.0	S	0.0
Dbus_XP.033149417.1	Dser_XP.020816310.1	86.0	S	0.0
Dgri_XP.032598957.1	Dele_XP.017128640.1	86.0	S	0.0
Dalb_XP.034107607.1	Dele_XP.017128640.1	86.0	S	0.0
Dari_XP.017862175.1	Dele_XP.017128640.1	86.0	S	0.0
Dhyd_XP.030080409.1	Dele_XP.017128640.1	86.0	S	0.0
Dbus_XP.033149417.1	Dele_XP.017128640.1	86.0	S	0.0
Dhyd_XP.023172210.2	Dere_XP.026834908.1	100.0	S	0.0
Dari_XP.017860249.1	Dere_XP.026834908.1	100.0	S	0.0
Dgri_XP.001993541.2	Dere_XP.026834908.1	100.0	S	0.0
Dhyd_XP.023172210.2	Dalb_XP.051858933.1	100.0	S	0.0
Dari_XP.017860249.1	Dalb_XP.051858933.1	100.0	S	0.0
Dgri_XP.001993541.2	Dalb_XP.051858933.1	100.0	S	0.0
Dhyd_XP.023172210.2	Dbus_XP.033150665.1	100.0	S	0.0
Dari_XP.017860249.1	Dbus_XP.033150665.1	100.0	S	0.0
Dgri_XP.001993541.2	Dbus_XP.033150665.1	100.0	S	0.0
Dhyd_XP.023172210.2	Dser_XP.020807900.1	100.0	S	0.0
Dari_XP.017860249.1	Dser_XP.020807900.1	100.0	S	0.0
Dgri_XP.001993541.2	Dser_XP.020807900.1	100.0	S	0.0
Dhyd_XP.023172210.2	Dmel_NP.001260269.1	100.0	S	0.0
Dari_XP.017860249.1	Dmel_NP.001260269.1	100.0	S	0.0
Dgri_XP.001993541.2	Dmel_NP.001260269.1	100.0	S	0.0
Dhyd_XP.023172210.2	Dkik_XP.017024634.1	100.0	S	0.0
Dari_XP.017860249.1	Dkik_XP.017024634.1	100.0	S	0.0
Dgri_XP.001993541.2	Dkik_XP.017024634.1	100.0	S	0.0
Dhyd_XP.023172210.2	Dbip_XP.017099296.2	100.0	S	0.0
Dari_XP.017860249.1	Dbip_XP.017099296.2	100.0	S	0.0
Dgri_XP.001993541.2	Dbip_XP.017099296.2	100.0	S	0.0
Dhyd_XP.023172210.2	Dmir_XP.017154597.1	100.0	S	0.0
Dari_XP.017860249.1	Dmir_XP.017154597.1	100.0	S	0.0
Dgri_XP.001993541.2	Dmir_XP.017154597.1	100.0	S	0.0
Dhyd_XP.023172210.2	Dsuz_XP.036678170.1	100.0	S	0.0
Dari_XP.017860249.1	Dsuz_XP.036678170.1	100.0	S	0.0
Dgri_XP.001993541.2	Dsuz_XP.036678170.1	100.0	S	0.0
Dhyd_XP.023172210.2	Dwil_XP.002066518.2	100.0	S	0.0
Dari_XP.017860249.1	Dwil_XP.002066518.2	100.0	S	0.0
Dgri_XP.001993541.2	Dwil_XP.002066518.2	100.0	S	0.0
Dhyd_XP.023172210.2	Dpse_XP.001355808.4	100.0	S	0.0
Dari_XP.017860249.1	Dpse_XP.001355808.4	100.0	S	0.0
Dgri_XP.001993541.2	Dpse_XP.001355808.4	100.0	S	0.0
Dhyd_XP.023172210.2	Dsec_XP.002036270.2	100.0	S	0.0
Dari_XP.017860249.1	Dsec_XP.002036270.2	100.0	S	0.0
Dgri_XP.001993541.2	Dsec_XP.002036270.2	100.0	S	0.0
Dhyd_XP.023172210.2	Dana_XP.001962613.2	100.0	S	0.0
Dari_XP.017860249.1	Dana_XP.001962613.2	100.0	S	0.0
Dgri_XP.001993541.2	Dana_XP.001962613.2	100.0	S	0.0
Dhyd_XP.023172210.2	Agam_XP.061516479.1	100.0	S	0.0
Dari_XP.017860249.1	Agam_XP.061516479.1	100.0	S	0.0
Dgri_XP.001993541.2	Agam_XP.061516479.1	100.0	S	0.0
Dhyd_XP.023172210.2	Dele_XP.017121213.1	100.0	S	0.0
Dari_XP.017860249.1	Dele_XP.017121213.1	100.0	S	0.0
Dgri_XP.001993541.2	Dele_XP.017121213.1	100.0	S	0.0
Agam_XP.061513404.1	Dhyd_XP.023173058.2	99.0	S	0.0
Agam_XP.061513404.1	Dmir_XP.017138458.1	99.0	S	0.0
Agam_XP.061513404.1	Dalb_XP.034108985.1	99.0	S	0.0
Agam_XP.061513404.1	Dser_XP.020816311.1	99.0	S	0.0
Agam_XP.061513404.1	Dbus_XP.017840298.2	99.0	S	0.0
Agam_XP.061513404.1	Dsec_XP.002030464.1	99.0	S	0.0
Agam_XP.061513404.1	Dwil_XP.023033998.1	99.0	S	0.0
Agam_XP.061513404.1	Dsuz_XP.016934639.1	99.0	S	0.0
Agam_XP.061513404.1	Dere_XP.001972711.1	99.0	S	0.0
Agam_XP.061513404.1	Dmel_NP.001261827.1	99.0	S	0.0
Agam_XP.061513404.1	Dpse_XP.033239763.1	99.0	S	0.0
Agam_XP.061513404.1	Dgri_XP.001984256.1	99.0	S	0.0
Agam_XP.061513404.1	Dkik_XP.017034345.1	99.0	S	0.0
Agam_XP.061513404.1	Dari_XP.017862178.1	99.0	S	0.0
Agam_XP.061513404.1	Dana_XP.032310341.1	99.0	S	0.0
Agam_XP.061513404.1	Dbip_XP.043070009.1	99.0	S	0.0
Agam_XP.061513404.1	Dele_XP.017128154.1	99.0	S	0.0
Dmel_NP.523739.2	Dsec_XP.002033808.1	100.0	S	0.0
Agam_XP.061509362.1	Dbus_XP.017835743.2	75.0	S	0.0
Dari_XP.017867550.1	Dhyd_XP.030081376.1	99.0	S	0.0
Dsuz_XP.016935593.2	Dmel_NP.651839.1	99.0	S	0.0
Dsuz_XP.016935593.2	Dere_XP.001981122.1	99.0	S	0.0
Dsuz_XP.016935593.2	Dsec_XP.002037434.1	99.0	S	0.0
Dkik_XP.017037366.1	Dser_XP.020811779.1	100.0	S	0.0
Dpse_XP.001357577.3	Dari_XP.017874440.1	97.0	S	0.0
Dmir_XP.017145320.1	Dari_XP.017874440.1	97.0	S	0.0
Dpse_XP.001357577.3	Dalb_XP.051863654.1	97.0	S	0.0
Dmir_XP.017145320.1	Dalb_XP.051863654.1	97.0	S	0.0
Dpse_XP.001357577.3	Dhyd_XP.023168522.1	97.0	S	0.0
Dmir_XP.017145320.1	Dhyd_XP.023168522.1	97.0	S	0.0
Dpse_XP.001357577.3	Dgri_XP.032597554.1	97.0	S	0.0
Dmir_XP.017145320.1	Dgri_XP.032597554.1	97.0	S	0.0
Dpse_XP.001357577.3	Dwil_XP.023035523.1	97.0	S	0.0
Dmir_XP.017145320.1	Dwil_XP.023035523.1	97.0	S	0.0
Dpse_XP.001357577.3	Dbus_XP.017845374.1	97.0	S	0.0
Dmir_XP.017145320.1	Dbus_XP.017845374.1	97.0	S	0.0
Dgri_XP.032590737.1	Dhyd_XP.023171730.2	73.0	S	0.0
Dalb_XP.034106594.1	Dhyd_XP.023171730.2	73.0	S	0.0
Dgri_XP.032590737.1	Dari_XP.017868666.1	73.0	S	0.0
Dalb_XP.034106594.1	Dari_XP.017868666.1	73.0	S	0.0
Dmir_XP.017149652.2	Dpse_XP.001360869.4	99.0	S	0.0
Dkik_XP.017018688.1	Dser_XP.020817997.1	100.0	S	0.0
Dana_XP.001959457.2	Dmel_NP.001286801.1	100.0	S	0.0
Dbip_XP.017090231.2	Dmel_NP.001286801.1	100.0	S	0.0
Dana_XP.001959457.2	Dsuz_XP.016926392.1	100.0	S	0.0
Dbip_XP.017090231.2	Dsuz_XP.016926392.1	100.0	S	0.0
Dana_XP.001959457.2	Dere_XP.001976516.1	100.0	S	0.0
Dbip_XP.017090231.2	Dere_XP.001976516.1	100.0	S	0.0
Dana_XP.001959457.2	Dele_XP.017125359.1	100.0	S	0.0
Dbip_XP.017090231.2	Dele_XP.017125359.1	100.0	S	0.0
Dana_XP.001959457.2	Dsec_XP.002040195.2	100.0	S	0.0
Dbip_XP.017090231.2	Dsec_XP.002040195.2	100.0	S	0.0
Dbus_XP.017841081.1	Dgri_XP.001984254.1	98.0	S	0.0
Dbus_XP.017841081.1	Dari_XP.017864416.1	98.0	S	0.0
Dbus_XP.017841081.1	Dhyd_XP.023173062.1	98.0	S	0.0
Dmir_XP.017138810.1	Dmel_NP.524066.1	98.0	S	0.0
Dpse_XP.001353547.1	Dmel_NP.524066.1	98.0	S	0.0
Dmir_XP.017138810.1	Dele_XP.017128756.1	98.0	S	0.0
Dpse_XP.001353547.1	Dele_XP.017128756.1	98.0	S	0.0
Dmir_XP.017138810.1	Dser_XP.020815889.1	98.0	S	0.0
Dpse_XP.001353547.1	Dser_XP.020815889.1	98.0	S	0.0
Dmir_XP.017138810.1	Dere_XP.001972713.1	98.0	S	0.0
Dpse_XP.001353547.1	Dere_XP.001972713.1	98.0	S	0.0
Dmir_XP.017138810.1	Dbip_XP.017089891.1	98.0	S	0.0
Dpse_XP.001353547.1	Dbip_XP.017089891.1	98.0	S	0.0
Dmir_XP.017138810.1	Dsuz_XP.016933433.1	98.0	S	0.0
Dpse_XP.001353547.1	Dsuz_XP.016933433.1	98.0	S	0.0
Dmir_XP.017138810.1	Dana_XP.001956432.1	98.0	S	0.0
Dpse_XP.001353547.1	Dana_XP.001956432.1	98.0	S	0.0
Dmir_XP.017138810.1	Dkik_XP.017034102.1	98.0	S	0.0
Dpse_XP.001353547.1	Dkik_XP.017034102.1	98.0	S	0.0
Dmir_XP.017138810.1	Dsec_XP.002030467.1	98.0	S	0.0
Dpse_XP.001353547.1	Dsec_XP.002030467.1	98.0	S	0.0
Dalb_XP.034107607.1	Dari_XP.017862175.1	92.0	S	0.0
Dbus_XP.033149417.1	Dari_XP.017862175.1	92.0	S	0.0
Dalb_XP.034107607.1	Dgri_XP.032598957.1	92.0	S	0.0
Dbus_XP.033149417.1	Dgri_XP.032598957.1	92.0	S	0.0
Dalb_XP.034107607.1	Dhyd_XP.030080409.1	92.0	S	0.0
Dbus_XP.033149417.1	Dhyd_XP.030080409.1	92.0	S	0.0
Dwil_XP.023034010.1	Dmir_XP.033243279.1	72.0	S	0.0
Dwil_XP.023034010.1	Dsec_XP.002030465.1	72.0	S	0.0
Dwil_XP.023034010.1	Dmel_NP.001261829.1	72.0	S	0.0
Dwil_XP.023034010.1	Dana_XP.044571024.1	72.0	S	0.0
Dwil_XP.023034010.1	Dpse_XP.002134931.3	72.0	S	0.0
Dwil_XP.023034010.1	Dbip_XP.017090122.2	72.0	S	0.0
Dwil_XP.023034010.1	Dkik_XP.017034105.1	72.0	S	0.0
Dwil_XP.023034010.1	Dere_XP.001972712.1	72.0	S	0.0
Dwil_XP.023034010.1	Dser_XP.020816310.1	72.0	S	0.0
Dwil_XP.023034010.1	Dele_XP.017128640.1	72.0	S	0.0
Dgri_XP.001993541.2	Dhyd_XP.023172210.2	92.0	S	0.0
Dgri_XP.001993541.2	Dari_XP.017860249.1	92.0	S	0.0
Dalb_XP.051858933.1	Dere_XP.026834908.1	53.0	S	0.0
Dbus_XP.033150665.1	Dere_XP.026834908.1	53.0	S	0.0
Dalb_XP.051858933.1	Dser_XP.020807900.1	53.0	S	0.0
Dbus_XP.033150665.1	Dser_XP.020807900.1	53.0	S	0.0
Dalb_XP.051858933.1	Dmel_NP.001260269.1	53.0	S	0.0
Dbus_XP.033150665.1	Dmel_NP.001260269.1	53.0	S	0.0
Dalb_XP.051858933.1	Dkik_XP.017024634.1	53.0	S	0.0
Dbus_XP.033150665.1	Dkik_XP.017024634.1	53.0	S	0.0
Dalb_XP.051858933.1	Dbip_XP.017099296.2	53.0	S	0.0
Dbus_XP.033150665.1	Dbip_XP.017099296.2	53.0	S	0.0
Dalb_XP.051858933.1	Dmir_XP.017154597.1	53.0	S	0.0
Dbus_XP.033150665.1	Dmir_XP.017154597.1	53.0	S	0.0
Dalb_XP.051858933.1	Dsuz_XP.036678170.1	53.0	S	0.0
Dbus_XP.033150665.1	Dsuz_XP.036678170.1	53.0	S	0.0
Dalb_XP.051858933.1	Dwil_XP.002066518.2	53.0	S	0.0
Dbus_XP.033150665.1	Dwil_XP.002066518.2	53.0	S	0.0
Dalb_XP.051858933.1	Dpse_XP.001355808.4	53.0	S	0.0
Dbus_XP.033150665.1	Dpse_XP.001355808.4	53.0	S	0.0
Dalb_XP.051858933.1	Dsec_XP.002036270.2	53.0	S	0.0
Dbus_XP.033150665.1	Dsec_XP.002036270.2	53.0	S	0.0
Dalb_XP.051858933.1	Dana_XP.001962613.2	53.0	S	0.0
Dbus_XP.033150665.1	Dana_XP.001962613.2	53.0	S	0.0
Dalb_XP.051858933.1	Agam_XP.061516479.1	53.0	S	0.0
Dbus_XP.033150665.1	Agam_XP.061516479.1	53.0	S	0.0
Dalb_XP.051858933.1	Dele_XP.017121213.1	53.0	S	0.0
Dbus_XP.033150665.1	Dele_XP.017121213.1	53.0	S	0.0
Dser_XP.020816311.1	Dhyd_XP.023173058.2	95.0	S	0.0
Dkik_XP.017034345.1	Dhyd_XP.023173058.2	95.0	S	0.0
Dser_XP.020816311.1	Dmir_XP.017138458.1	95.0	S	0.0
Dkik_XP.017034345.1	Dmir_XP.017138458.1	95.0	S	0.0
Dser_XP.020816311.1	Dalb_XP.034108985.1	95.0	S	0.0
Dkik_XP.017034345.1	Dalb_XP.034108985.1	95.0	S	0.0
Dser_XP.020816311.1	Dbus_XP.017840298.2	95.0	S	0.0
Dkik_XP.017034345.1	Dbus_XP.017840298.2	95.0	S	0.0
Dser_XP.020816311.1	Dsec_XP.002030464.1	95.0	S	0.0
Dkik_XP.017034345.1	Dsec_XP.002030464.1	95.0	S	0.0
Dser_XP.020816311.1	Dwil_XP.023033998.1	95.0	S	0.0
Dkik_XP.017034345.1	Dwil_XP.023033998.1	95.0	S	0.0
Dser_XP.020816311.1	Dsuz_XP.016934639.1	95.0	S	0.0
Dkik_XP.017034345.1	Dsuz_XP.016934639.1	95.0	S	0.0
Dser_XP.020816311.1	Dere_XP.001972711.1	95.0	S	0.0
Dkik_XP.017034345.1	Dere_XP.001972711.1	95.0	S	0.0
Dser_XP.020816311.1	Dmel_NP.001261827.1	95.0	S	0.0
Dkik_XP.017034345.1	Dmel_NP.001261827.1	95.0	S	0.0
Dser_XP.020816311.1	Dpse_XP.033239763.1	95.0	S	0.0
Dkik_XP.017034345.1	Dpse_XP.033239763.1	95.0	S	0.0
Dser_XP.020816311.1	Dgri_XP.001984256.1	95.0	S	0.0
Dkik_XP.017034345.1	Dgri_XP.001984256.1	95.0	S	0.0
Dser_XP.020816311.1	Dari_XP.017862178.1	95.0	S	0.0
Dkik_XP.017034345.1	Dari_XP.017862178.1	95.0	S	0.0
Dser_XP.020816311.1	Dana_XP.032310341.1	95.0	S	0.0
Dkik_XP.017034345.1	Dana_XP.032310341.1	95.0	S	0.0
Dser_XP.020816311.1	Dbip_XP.043070009.1	95.0	S	0.0
Dkik_XP.017034345.1	Dbip_XP.043070009.1	95.0	S	0.0
Dser_XP.020816311.1	Dele_XP.017128154.1	95.0	S	0.0
Dkik_XP.017034345.1	Dele_XP.017128154.1	95.0	S	0.0
Dere_XP.001981122.1	Dmel_NP.651839.1	100.0	S	0.0
Dere_XP.001981122.1	Dsec_XP.002037434.1	100.0	S	0.0
Dmir_XP.017145320.1	Dpse_XP.001357577.3	100.0	S	0.0
Dwil_XP.023035523.1	Dalb_XP.051863654.1	99.0	S	0.0
Dwil_XP.023035523.1	Dhyd_XP.023168522.1	99.0	S	0.0
Dwil_XP.023035523.1	Dgri_XP.032597554.1	99.0	S	0.0
Dwil_XP.023035523.1	Dari_XP.017874440.1	99.0	S	0.0
Dwil_XP.023035523.1	Dbus_XP.017845374.1	99.0	S	0.0
Dgri_XP.032590737.1	Dalb_XP.034106594.1	99.0	S	0.0
Dari_XP.017868666.1	Dhyd_XP.023171730.2	100.0	S	0.0
Dana_XP.001959457.2	Dbip_XP.017090231.2	100.0	S	0.0
Dele_XP.017125359.1	Dsuz_XP.016926392.1	100.0	S	0.0
Dele_XP.017125359.1	Dere_XP.001976516.1	100.0	S	0.0
Dele_XP.017125359.1	Dsec_XP.002040195.2	100.0	S	0.0
Dele_XP.017125359.1	Dmel_NP.001286801.1	100.0	S	0.0
Dgri_XP.001984254.1	Dari_XP.017864416.1	100.0	S	0.0
Dgri_XP.001984254.1	Dhyd_XP.023173062.1	100.0	S	0.0
Dmir_XP.017138810.1	Dpse_XP.001353547.1	100.0	S	0.0
Dkik_XP.017034102.1	Dmel_NP.524066.1	97.0	S	0.0
Dana_XP.001956432.1	Dmel_NP.524066.1	97.0	S	0.0
Dbip_XP.017089891.1	Dmel_NP.524066.1	97.0	S	0.0
Dser_XP.020815889.1	Dmel_NP.524066.1	97.0	S	0.0
Dkik_XP.017034102.1	Dele_XP.017128756.1	97.0	S	0.0
Dana_XP.001956432.1	Dele_XP.017128756.1	97.0	S	0.0
Dbip_XP.017089891.1	Dele_XP.017128756.1	97.0	S	0.0
Dser_XP.020815889.1	Dele_XP.017128756.1	97.0	S	0.0
Dkik_XP.017034102.1	Dere_XP.001972713.1	97.0	S	0.0
Dana_XP.001956432.1	Dere_XP.001972713.1	97.0	S	0.0
Dbip_XP.017089891.1	Dere_XP.001972713.1	97.0	S	0.0
Dser_XP.020815889.1	Dere_XP.001972713.1	97.0	S	0.0
Dkik_XP.017034102.1	Dsuz_XP.016933433.1	97.0	S	0.0
Dana_XP.001956432.1	Dsuz_XP.016933433.1	97.0	S	0.0
Dbip_XP.017089891.1	Dsuz_XP.016933433.1	97.0	S	0.0
Dser_XP.020815889.1	Dsuz_XP.016933433.1	97.0	S	0.0
Dkik_XP.017034102.1	Dsec_XP.002030467.1	97.0	S	0.0
Dana_XP.001956432.1	Dsec_XP.002030467.1	97.0	S	0.0
Dbip_XP.017089891.1	Dsec_XP.002030467.1	97.0	S	0.0
Dser_XP.020815889.1	Dsec_XP.002030467.1	97.0	S	0.0
Dbus_XP.033149417.1	Dalb_XP.034107607.1	48.0	S	0.0
Dgri_XP.032598957.1	Dari_XP.017862175.1	88.0	S	0.0
Dgri_XP.032598957.1	Dhyd_XP.030080409.1	88.0	S	0.0
Dmir_XP.033243279.1	Dsec_XP.002030465.1	81.0	S	0.0
Dpse_XP.002134931.3	Dsec_XP.002030465.1	81.0	S	0.0
Dmir_XP.033243279.1	Dmel_NP.001261829.1	81.0	S	0.0
Dpse_XP.002134931.3	Dmel_NP.001261829.1	81.0	S	0.0
Dmir_XP.033243279.1	Dana_XP.044571024.1	81.0	S	0.0
Dpse_XP.002134931.3	Dana_XP.044571024.1	81.0	S	0.0
Dmir_XP.033243279.1	Dbip_XP.017090122.2	81.0	S	0.0
Dpse_XP.002134931.3	Dbip_XP.017090122.2	81.0	S	0.0
Dmir_XP.033243279.1	Dkik_XP.017034105.1	81.0	S	0.0
Dpse_XP.002134931.3	Dkik_XP.017034105.1	81.0	S	0.0
Dmir_XP.033243279.1	Dere_XP.001972712.1	81.0	S	0.0
Dpse_XP.002134931.3	Dere_XP.001972712.1	81.0	S	0.0
Dmir_XP.033243279.1	Dser_XP.020816310.1	81.0	S	0.0
Dpse_XP.002134931.3	Dser_XP.020816310.1	81.0	S	0.0
Dmir_XP.033243279.1	Dele_XP.017128640.1	81.0	S	0.0
Dpse_XP.002134931.3	Dele_XP.017128640.1	81.0	S	0.0
Dari_XP.017860249.1	Dhyd_XP.023172210.2	100.0	S	0.0
Dalb_XP.051858933.1	Dbus_XP.033150665.1	81.0	S	0.0
Dwil_XP.002066518.2	Dere_XP.026834908.1	54.0	S	0.0
Agam_XP.061516479.1	Dere_XP.026834908.1	54.0	S	0.0
Dwil_XP.002066518.2	Dser_XP.020807900.1	54.0	S	0.0
Agam_XP.061516479.1	Dser_XP.020807900.1	54.0	S	0.0
Dwil_XP.002066518.2	Dmel_NP.001260269.1	54.0	S	0.0
Agam_XP.061516479.1	Dmel_NP.001260269.1	54.0	S	0.0
Dwil_XP.002066518.2	Dkik_XP.017024634.1	54.0	S	0.0
Agam_XP.061516479.1	Dkik_XP.017024634.1	54.0	S	0.0
Dwil_XP.002066518.2	Dmir_XP.017154597.1	54.0	S	0.0
Agam_XP.061516479.1	Dmir_XP.017154597.1	54.0	S	0.0
Dwil_XP.002066518.2	Dbip_XP.017099296.2	54.0	S	0.0
Agam_XP.061516479.1	Dbip_XP.017099296.2	54.0	S	0.0
Dwil_XP.002066518.2	Dsuz_XP.036678170.1	54.0	S	0.0
Agam_XP.061516479.1	Dsuz_XP.036678170.1	54.0	S	0.0
Dwil_XP.002066518.2	Dpse_XP.001355808.4	54.0	S	0.0
Agam_XP.061516479.1	Dpse_XP.001355808.4	54.0	S	0.0
Dwil_XP.002066518.2	Dsec_XP.002036270.2	54.0	S	0.0
Agam_XP.061516479.1	Dsec_XP.002036270.2	54.0	S	0.0
Dwil_XP.002066518.2	Dana_XP.001962613.2	54.0	S	0.0
Agam_XP.061516479.1	Dana_XP.001962613.2	54.0	S	0.0
Dwil_XP.002066518.2	Dele_XP.017121213.1	54.0	S	0.0
Agam_XP.061516479.1	Dele_XP.017121213.1	54.0	S	0.0
Dkik_XP.017034345.1	Dser_XP.020816311.1	95.0	S	0.0
Dsec_XP.002030464.1	Dhyd_XP.023173058.2	75.0	S	0.0
Dsuz_XP.016934639.1	Dhyd_XP.023173058.2	75.0	S	0.0
Dmel_NP.001261827.1	Dhyd_XP.023173058.2	75.0	S	0.0
Dere_XP.001972711.1	Dhyd_XP.023173058.2	75.0	S	0.0
Dele_XP.017128154.1	Dhyd_XP.023173058.2	75.0	S	0.0
Dsec_XP.002030464.1	Dmir_XP.017138458.1	75.0	S	0.0
Dsuz_XP.016934639.1	Dmir_XP.017138458.1	75.0	S	0.0
Dmel_NP.001261827.1	Dmir_XP.017138458.1	75.0	S	0.0
Dere_XP.001972711.1	Dmir_XP.017138458.1	75.0	S	0.0
Dele_XP.017128154.1	Dmir_XP.017138458.1	75.0	S	0.0
Dsec_XP.002030464.1	Dalb_XP.034108985.1	75.0	S	0.0
Dsuz_XP.016934639.1	Dalb_XP.034108985.1	75.0	S	0.0
Dmel_NP.001261827.1	Dalb_XP.034108985.1	75.0	S	0.0
Dere_XP.001972711.1	Dalb_XP.034108985.1	75.0	S	0.0
Dele_XP.017128154.1	Dalb_XP.034108985.1	75.0	S	0.0
Dsec_XP.002030464.1	Dbus_XP.017840298.2	75.0	S	0.0
Dsuz_XP.016934639.1	Dbus_XP.017840298.2	75.0	S	0.0
Dmel_NP.001261827.1	Dbus_XP.017840298.2	75.0	S	0.0
Dere_XP.001972711.1	Dbus_XP.017840298.2	75.0	S	0.0
Dele_XP.017128154.1	Dbus_XP.017840298.2	75.0	S	0.0
Dsec_XP.002030464.1	Dwil_XP.023033998.1	75.0	S	0.0
Dsuz_XP.016934639.1	Dwil_XP.023033998.1	75.0	S	0.0
Dmel_NP.001261827.1	Dwil_XP.023033998.1	75.0	S	0.0
Dere_XP.001972711.1	Dwil_XP.023033998.1	75.0	S	0.0
Dele_XP.017128154.1	Dwil_XP.023033998.1	75.0	S	0.0
Dsec_XP.002030464.1	Dpse_XP.033239763.1	75.0	S	0.0
Dsuz_XP.016934639.1	Dpse_XP.033239763.1	75.0	S	0.0
Dmel_NP.001261827.1	Dpse_XP.033239763.1	75.0	S	0.0
Dere_XP.001972711.1	Dpse_XP.033239763.1	75.0	S	0.0
Dele_XP.017128154.1	Dpse_XP.033239763.1	75.0	S	0.0
Dsec_XP.002030464.1	Dgri_XP.001984256.1	75.0	S	0.0
Dsuz_XP.016934639.1	Dgri_XP.001984256.1	75.0	S	0.0
Dmel_NP.001261827.1	Dgri_XP.001984256.1	75.0	S	0.0
Dere_XP.001972711.1	Dgri_XP.001984256.1	75.0	S	0.0
Dele_XP.017128154.1	Dgri_XP.001984256.1	75.0	S	0.0
Dsec_XP.002030464.1	Dari_XP.017862178.1	75.0	S	0.0
Dsuz_XP.016934639.1	Dari_XP.017862178.1	75.0	S	0.0
Dmel_NP.001261827.1	Dari_XP.017862178.1	75.0	S	0.0
Dere_XP.001972711.1	Dari_XP.017862178.1	75.0	S	0.0
Dele_XP.017128154.1	Dari_XP.017862178.1	75.0	S	0.0
Dsec_XP.002030464.1	Dana_XP.032310341.1	75.0	S	0.0
Dsuz_XP.016934639.1	Dana_XP.032310341.1	75.0	S	0.0
Dmel_NP.001261827.1	Dana_XP.032310341.1	75.0	S	0.0
Dere_XP.001972711.1	Dana_XP.032310341.1	75.0	S	0.0
Dele_XP.017128154.1	Dana_XP.032310341.1	75.0	S	0.0
Dsec_XP.002030464.1	Dbip_XP.043070009.1	75.0	S	0.0
Dsuz_XP.016934639.1	Dbip_XP.043070009.1	75.0	S	0.0
Dmel_NP.001261827.1	Dbip_XP.043070009.1	75.0	S	0.0
Dere_XP.001972711.1	Dbip_XP.043070009.1	75.0	S	0.0
Dele_XP.017128154.1	Dbip_XP.043070009.1	75.0	S	0.0
Dmel_NP.651839.1	Dsec_XP.002037434.1	100.0	S	0.0
Dalb_XP.051863654.1	Dari_XP.017874440.1	100.0	S	0.0
Dalb_XP.051863654.1	Dbus_XP.017845374.1	100.0	S	0.0
Dalb_XP.051863654.1	Dhyd_XP.023168522.1	100.0	S	0.0
Dalb_XP.051863654.1	Dgri_XP.032597554.1	100.0	S	0.0
Dsuz_XP.016926392.1	Dere_XP.001976516.1	100.0	S	0.0
Dsuz_XP.016926392.1	Dsec_XP.002040195.2	100.0	S	0.0
Dsuz_XP.016926392.1	Dmel_NP.001286801.1	100.0	S	0.0
Dari_XP.017864416.1	Dhyd_XP.023173062.1	89.0	S	0.0
Dkik_XP.017034102.1	Dbip_XP.017089891.1	65.0	S	0.0
Dser_XP.020815889.1	Dbip_XP.017089891.1	65.0	S	0.0
Dkik_XP.017034102.1	Dana_XP.001956432.1	65.0	S	0.0
Dser_XP.020815889.1	Dana_XP.001956432.1	65.0	S	0.0
Dsuz_XP.016933433.1	Dere_XP.001972713.1	98.0	S	0.0
Dele_XP.017128756.1	Dere_XP.001972713.1	98.0	S	0.0
Dsuz_XP.016933433.1	Dmel_NP.524066.1	98.0	S	0.0
Dele_XP.017128756.1	Dmel_NP.524066.1	98.0	S	0.0
Dsuz_XP.016933433.1	Dsec_XP.002030467.1	98.0	S	0.0
Dele_XP.017128756.1	Dsec_XP.002030467.1	98.0	S	0.0
Dari_XP.017862175.1	Dhyd_XP.030080409.1	90.0	S	0.0
Dmir_XP.033243279.1	Dpse_XP.002134931.3	100.0	S	0.0
Dbip_XP.017090122.2	Dsec_XP.002030465.1	89.0	S	0.0
Dana_XP.044571024.1	Dsec_XP.002030465.1	89.0	S	0.0
Dbip_XP.017090122.2	Dmel_NP.001261829.1	89.0	S	0.0
Dana_XP.044571024.1	Dmel_NP.001261829.1	89.0	S	0.0
Dbip_XP.017090122.2	Dkik_XP.017034105.1	89.0	S	0.0
Dana_XP.044571024.1	Dkik_XP.017034105.1	89.0	S	0.0
Dbip_XP.017090122.2	Dere_XP.001972712.1	89.0	S	0.0
Dana_XP.044571024.1	Dere_XP.001972712.1	89.0	S	0.0
Dbip_XP.017090122.2	Dser_XP.020816310.1	89.0	S	0.0
Dana_XP.044571024.1	Dser_XP.020816310.1	89.0	S	0.0
Dbip_XP.017090122.2	Dele_XP.017128640.1	89.0	S	0.0
Dana_XP.044571024.1	Dele_XP.017128640.1	89.0	S	0.0
Agam_XP.061516479.1	Dwil_XP.002066518.2	52.0	S	0.0
Dpse_XP.001355808.4	Dere_XP.026834908.1	99.0	S	0.0
Dmir_XP.017154597.1	Dere_XP.026834908.1	99.0	S	0.0
Dpse_XP.001355808.4	Dser_XP.020807900.1	99.0	S	0.0
Dmir_XP.017154597.1	Dser_XP.020807900.1	99.0	S	0.0
Dpse_XP.001355808.4	Dmel_NP.001260269.1	99.0	S	0.0
Dmir_XP.017154597.1	Dmel_NP.001260269.1	99.0	S	0.0
Dpse_XP.001355808.4	Dkik_XP.017024634.1	99.0	S	0.0
Dmir_XP.017154597.1	Dkik_XP.017024634.1	99.0	S	0.0
Dpse_XP.001355808.4	Dbip_XP.017099296.2	99.0	S	0.0
Dmir_XP.017154597.1	Dbip_XP.017099296.2	99.0	S	0.0
Dpse_XP.001355808.4	Dsuz_XP.036678170.1	99.0	S	0.0
Dmir_XP.017154597.1	Dsuz_XP.036678170.1	99.0	S	0.0
Dpse_XP.001355808.4	Dsec_XP.002036270.2	99.0	S	0.0
Dmir_XP.017154597.1	Dsec_XP.002036270.2	99.0	S	0.0
Dpse_XP.001355808.4	Dana_XP.001962613.2	99.0	S	0.0
Dmir_XP.017154597.1	Dana_XP.001962613.2	99.0	S	0.0
Dpse_XP.001355808.4	Dele_XP.017121213.1	99.0	S	0.0
Dmir_XP.017154597.1	Dele_XP.017121213.1	99.0	S	0.0
Dele_XP.017128154.1	Dere_XP.001972711.1	70.0	S	0.0
Dele_XP.017128154.1	Dmel_NP.001261827.1	70.0	S	0.0
Dele_XP.017128154.1	Dsec_XP.002030464.1	70.0	S	0.0
Dele_XP.017128154.1	Dsuz_XP.016934639.1	70.0	S	0.0
Dana_XP.032310341.1	Dhyd_XP.023173058.2	65.0	S	0.0
Dbip_XP.043070009.1	Dhyd_XP.023173058.2	65.0	S	0.0
Dana_XP.032310341.1	Dmir_XP.017138458.1	65.0	S	0.0
Dbip_XP.043070009.1	Dmir_XP.017138458.1	65.0	S	0.0
Dana_XP.032310341.1	Dalb_XP.034108985.1	65.0	S	0.0
Dbip_XP.043070009.1	Dalb_XP.034108985.1	65.0	S	0.0
Dana_XP.032310341.1	Dbus_XP.017840298.2	65.0	S	0.0
Dbip_XP.043070009.1	Dbus_XP.017840298.2	65.0	S	0.0
Dana_XP.032310341.1	Dwil_XP.023033998.1	65.0	S	0.0
Dbip_XP.043070009.1	Dwil_XP.023033998.1	65.0	S	0.0
Dana_XP.032310341.1	Dpse_XP.033239763.1	65.0	S	0.0
Dbip_XP.043070009.1	Dpse_XP.033239763.1	65.0	S	0.0
Dana_XP.032310341.1	Dgri_XP.001984256.1	65.0	S	0.0
Dbip_XP.043070009.1	Dgri_XP.001984256.1	65.0	S	0.0
Dana_XP.032310341.1	Dari_XP.017862178.1	65.0	S	0.0
Dbip_XP.043070009.1	Dari_XP.017862178.1	65.0	S	0.0
Dgri_XP.032597554.1	Dari_XP.017874440.1	85.0	S	0.0
Dgri_XP.032597554.1	Dbus_XP.017845374.1	85.0	S	0.0
Dgri_XP.032597554.1	Dhyd_XP.023168522.1	85.0	S	0.0
Dere_XP.001976516.1	Dsec_XP.002040195.2	100.0	S	0.0
Dere_XP.001976516.1	Dmel_NP.001286801.1	100.0	S	0.0
Dkik_XP.017034102.1	Dser_XP.020815889.1	100.0	S	0.0
Dana_XP.001956432.1	Dbip_XP.017089891.1	100.0	S	0.0
Dele_XP.017128756.1	Dsuz_XP.016933433.1	99.0	S	0.0
Dere_XP.001972713.1	Dmel_NP.524066.1	99.0	S	0.0
Dere_XP.001972713.1	Dsec_XP.002030467.1	99.0	S	0.0
Dana_XP.044571024.1	Dbip_XP.017090122.2	100.0	S	0.0
Dser_XP.020816310.1	Dmel_NP.001261829.1	82.0	S	0.0
Dkik_XP.017034105.1	Dmel_NP.001261829.1	82.0	S	0.0
Dser_XP.020816310.1	Dsec_XP.002030465.1	82.0	S	0.0
Dkik_XP.017034105.1	Dsec_XP.002030465.1	82.0	S	0.0
Dser_XP.020816310.1	Dele_XP.017128640.1	82.0	S	0.0
Dkik_XP.017034105.1	Dele_XP.017128640.1	82.0	S	0.0
Dser_XP.020816310.1	Dere_XP.001972712.1	82.0	S	0.0
Dkik_XP.017034105.1	Dere_XP.001972712.1	82.0	S	0.0
Dmir_XP.017154597.1	Dpse_XP.001355808.4	100.0	S	0.0
Dbip_XP.017099296.2	Dere_XP.026834908.1	100.0	S	0.0
Dana_XP.001962613.2	Dere_XP.026834908.1	100.0	S	0.0
Dbip_XP.017099296.2	Dser_XP.020807900.1	100.0	S	0.0
Dana_XP.001962613.2	Dser_XP.020807900.1	100.0	S	0.0
Dbip_XP.017099296.2	Dmel_NP.001260269.1	100.0	S	0.0
Dana_XP.001962613.2	Dmel_NP.001260269.1	100.0	S	0.0
Dbip_XP.017099296.2	Dkik_XP.017024634.1	100.0	S	0.0
Dana_XP.001962613.2	Dkik_XP.017024634.1	100.0	S	0.0
Dbip_XP.017099296.2	Dsuz_XP.036678170.1	100.0	S	0.0
Dana_XP.001962613.2	Dsuz_XP.036678170.1	100.0	S	0.0
Dbip_XP.017099296.2	Dsec_XP.002036270.2	100.0	S	0.0
Dana_XP.001962613.2	Dsec_XP.002036270.2	100.0	S	0.0
Dbip_XP.017099296.2	Dele_XP.017121213.1	100.0	S	0.0
Dana_XP.001962613.2	Dele_XP.017121213.1	100.0	S	0.0
Dsuz_XP.016934639.1	Dere_XP.001972711.1	96.0	S	0.0
Dsuz_XP.016934639.1	Dmel_NP.001261827.1	96.0	S	0.0
Dsuz_XP.016934639.1	Dsec_XP.002030464.1	96.0	S	0.0
Dana_XP.032310341.1	Dbip_XP.043070009.1	100.0	S	0.0
Dmir_XP.017138458.1	Dhyd_XP.023173058.2	66.0	S	0.0
Dpse_XP.033239763.1	Dhyd_XP.023173058.2	66.0	S	0.0
Dmir_XP.017138458.1	Dalb_XP.034108985.1	66.0	S	0.0
Dpse_XP.033239763.1	Dalb_XP.034108985.1	66.0	S	0.0
Dmir_XP.017138458.1	Dbus_XP.017840298.2	66.0	S	0.0
Dpse_XP.033239763.1	Dbus_XP.017840298.2	66.0	S	0.0
Dmir_XP.017138458.1	Dwil_XP.023033998.1	66.0	S	0.0
Dpse_XP.033239763.1	Dwil_XP.023033998.1	66.0	S	0.0
Dmir_XP.017138458.1	Dgri_XP.001984256.1	66.0	S	0.0
Dpse_XP.033239763.1	Dgri_XP.001984256.1	66.0	S	0.0
Dmir_XP.017138458.1	Dari_XP.017862178.1	66.0	S	0.0
Dpse_XP.033239763.1	Dari_XP.017862178.1	66.0	S	0.0
Dbus_XP.017845374.1	Dari_XP.017874440.1	99.0	S	0.0
Dbus_XP.017845374.1	Dhyd_XP.023168522.1	99.0	S	0.0
Dmel_NP.001286801.1	Dsec_XP.002040195.2	100.0	S	0.0
Dmel_NP.524066.1	Dsec_XP.002030467.1	1.0	S	0.0
Dkik_XP.017034105.1	Dser_XP.020816310.1	100.0	S	0.0
Dele_XP.017128640.1	Dmel_NP.001261829.1	95.0	S	0.0
Dele_XP.017128640.1	Dsec_XP.002030465.1	95.0	S	0.0
Dele_XP.017128640.1	Dere_XP.001972712.1	95.0	S	0.0
Dana_XP.001962613.2	Dbip_XP.017099296.2	100.0	S	0.0
Dkik_XP.017024634.1	Dere_XP.026834908.1	100.0	S	0.0
Dser_XP.020807900.1	Dere_XP.026834908.1	100.0	S	0.0
Dkik_XP.017024634.1	Dmel_NP.001260269.1	100.0	S	0.0
Dser_XP.020807900.1	Dmel_NP.001260269.1	100.0	S	0.0
Dkik_XP.017024634.1	Dsuz_XP.036678170.1	100.0	S	0.0
Dser_XP.020807900.1	Dsuz_XP.036678170.1	100.0	S	0.0
Dkik_XP.017024634.1	Dsec_XP.002036270.2	100.0	S	0.0
Dser_XP.020807900.1	Dsec_XP.002036270.2	100.0	S	0.0
Dkik_XP.017024634.1	Dele_XP.017121213.1	100.0	S	0.0
Dser_XP.020807900.1	Dele_XP.017121213.1	100.0	S	0.0
Dere_XP.001972711.1	Dmel_NP.001261827.1	100.0	S	0.0
Dere_XP.001972711.1	Dsec_XP.002030464.1	100.0	S	0.0
Dmir_XP.017138458.1	Dpse_XP.033239763.1	100.0	S	0.0
Dwil_XP.023033998.1	Dhyd_XP.023173058.2	83.0	S	0.0
Dwil_XP.023033998.1	Dalb_XP.034108985.1	83.0	S	0.0
Dwil_XP.023033998.1	Dbus_XP.017840298.2	83.0	S	0.0
Dwil_XP.023033998.1	Dgri_XP.001984256.1	83.0	S	0.0
Dwil_XP.023033998.1	Dari_XP.017862178.1	83.0	S	0.0
Dari_XP.017874440.1	Dhyd_XP.023168522.1	100.0	S	0.0
Dere_XP.001972712.1	Dsec_XP.002030465.1	99.0	S	0.0
Dere_XP.001972712.1	Dmel_NP.001261829.1	99.0	S	0.0
Dkik_XP.017024634.1	Dser_XP.020807900.1	100.0	S	0.0
Dele_XP.017121213.1	Dmel_NP.001260269.1	100.0	S	0.0
Dele_XP.017121213.1	Dere_XP.026834908.1	100.0	S	0.0
Dele_XP.017121213.1	Dsec_XP.002036270.2	100.0	S	0.0
Dele_XP.017121213.1	Dsuz_XP.036678170.1	100.0	S	0.0
Dmel_NP.001261827.1	Dsec_XP.002030464.1	100.0	S	0.0
Dalb_XP.034108985.1	Dari_XP.017862178.1	99.0	S	0.0
Dalb_XP.034108985.1	Dhyd_XP.023173058.2	99.0	S	0.0
Dalb_XP.034108985.1	Dbus_XP.017840298.2	99.0	S	0.0
Dalb_XP.034108985.1	Dgri_XP.001984256.1	99.0	S	0.0
Dmel_NP.001261829.1	Dsec_XP.002030465.1	100.0	S	0.0
Dsuz_XP.036678170.1	Dmel_NP.001260269.1	95.0	S	0.0
Dsuz_XP.036678170.1	Dere_XP.026834908.1	95.0	S	0.0
Dsuz_XP.036678170.1	Dsec_XP.002036270.2	95.0	S	0.0
Dbus_XP.017840298.2	Dari_XP.017862178.1	35.0	S	0.0
Dbus_XP.017840298.2	Dhyd_XP.023173058.2	35.0	S	0.0
Dbus_XP.017840298.2	Dgri_XP.001984256.1	35.0	S	0.0
Dere_XP.026834908.1	Dmel_NP.001260269.1	100.0	S	0.0
Dere_XP.026834908.1	Dsec_XP.002036270.2	100.0	S	0.0
Dgri_XP.001984256.1	Dari_XP.017862178.1	95.0	S	0.0
Dgri_XP.001984256.1	Dhyd_XP.023173058.2	95.0	S	0.0
Dmel_NP.001260269.1	Dsec_XP.002036270.2	100.0	S	0.0
Dari_XP.017862178.1	Dhyd_XP.023173058.2	99.0	S	0.0
